4-color-dark,0.1.1,8,3,0,0.00
a-package-loader,1.0.0,56,3,0,0.00
abw-syntax,0.1.1,4,2,0,0.00
academic,0.34.1,3,3,0,0.00
acf-snippets,0.6.0,4,2,0,0.00
achievements,0.7.2,3,2,0,0.00
advanced-new-file,0.3.3,8,2,0,0.00
advanced-new-file,0.4.0,6,1,0,0.00
advanced-new-file,0.4.1,114,36,0,0.00
advanced-new-file,0.4.2,667,79,0,0.00
advanced-railscasts-syntax,0.1.8,12,2,0,0.00
adwaita-ui,0.30.0,28,7,0,0.00
adwaita-ui-dark,0.1.2,26,3,0,0.00
aethusa,1.0.0,4,2,0,0.00
agda-mode,0.2.18,1,1,0,0.00
alignment,1.0.1,13,1,0,0.00
all-hallows-eve,0.0.0,12,3,0,0.00
alpha-light-syntax,1.1.0,18,3,0,0.00
always-up,0.4.0,3,1,0,0.00
ambiance,0.1.0,4,2,0,0.00
angularjs,0.0.5,8,1,0,0.00
angularjs,0.1.0,"1,071",250,0,0.00
angularjs-helper,0.8.0,74,20,0,0.00
apathy-theme,1.1.2,14,2,0,0.00
apathy-theme,1.1.8,271,7,0,0.00
apex-superfish-menu,0.1.4,18,3,0,0.00
apex-ui-personalize,0.1.0,1,1,0,0.00
api-blueprint-preview,0.3.0,"1,892",49,0,0.00
apm-publish,0.1.3,2,1,0,0.00
archive-view,0.43.0,1,1,0,0.00
ascii-art,0.0.0,8,2,0,0.00
ascii-art-js,0.0.0,16,1,0,0.00
ascii-art-js2,0.0.0,3,1,0,0.00
asciidoc-preview,0.4.0,1,1,0,0.00
asciidoc-preview,0.4.3,352,22,0,0.00
asciidoc-preview,0.5.0,59,32,0,0.00
asciidoctor-preview,0.1.0,3,2,0,0.00
ask-stack,0.1.2,2,1,0,0.00
ask-stack,1.1.0,254,58,0,0.00
assign-align,0.1.0,539,32,0,0.00
asteroids,0.2.0,30,4,0,0.00
astromac-ui,0.1.0,82,12,0,0.00
astronomical-ui,0.22.5,50,8,0,0.00
AtLilyPond,1.1.4,1,1,0,0.00
atom-2048,1.2.3,50,7,0,0.00
atom-angularjs,0.1.2,37,37,0,0.00
atom-auto-uglify,0.4.0,6,6,0,0.00
atom-backbone,0.6.0,4,4,0,0.00
atom-beautifier,0.5.0,660,84,0,0.00
atom-beautify,0.10.4,8,2,0,0.00
atom-beautify,0.12.0,610,6,0,0.00
atom-beautify,0.13.4,46,6,0,0.00
atom-beautify,0.14.0,385,6,0,0.00
atom-beautify,0.14.1,8,1,0,0.00
atom-beautify,0.15.1,81,10,0,0.00
atom-beautify,0.17.0,187,5,0,0.00
atom-beautify,0.17.1,870,52,0,0.00
atom-beautify,0.17.2,139,11,0,0.00
atom-beautify,0.17.3,183,2,0,0.00
atom-beautify,0.2.2,241,13,0,0.00
atom-beautify,0.2.4,48,1,0,0.00
atom-beautify,0.20.1,14,1,0,0.00
atom-beautify,0.20.2,3,1,0,0.00
atom-beautify,0.21.0,2,1,0,0.00
atom-beautify,0.21.1,18,2,0,0.00
atom-beautify,0.21.2,"1,363",115,0,0.00
atom-beautify,0.21.3,33,3,0,0.00
atom-beautify,0.21.6,10,2,0,0.00
atom-beautify,0.22.3,52,6,0,0.00
atom-beautify,0.23.0,272,9,0,0.00
atom-beautify,0.23.1,72,6,0,0.00
atom-beautify,0.23.2,50,1,0,0.00
atom-beautify,0.23.4,4,1,0,0.00
atom-beautify,0.24.0,149,8,0,0.00
atom-beautify,0.24.1,552,27,0,0.00
atom-beautify,0.27.1,693,53,0,0.00
atom-beautify,0.3.3,1,1,0,0.00
atom-beautify,0.6.2,440,13,0,0.00
atom-beautify,0.6.3,16,3,0,0.00
atom-beautify,0.6.4,838,8,0,0.00
atom-beautify,unknown,119,7,0,0.00
atom-bitcoin,0.6.0,822,15,0,0.00
atom-blue-dawn,0.0.1,6,1,0,0.00
atom-bootstrap3,1.2.0,2,1,0,0.00
atom-bourbon-snippets,0.12.5,7,6,0,0.00
atom-browser-webview,0.4.7,43,1,0,0.00
atom-browser-webview,0.6.0,"2,890",84,0,0.00
atom-browser-webview,unknown,7,1,0,0.00
atom-carbonightblue,0.1.0,2,1,0,0.00
atom-chameleon,0.4.0,64,5,0,0.00
atom-chameleon,unknown,1,1,0,0.00
atom-charcode,0.4.0,4,3,0,0.00
atom-cli-diff,0.11.0,4,2,0,0.00
atom-cli-diff,0.6.4,8,6,0,0.00
atom-coffee-repl,0.1.0,2,2,0,0.00
atom-color-highlight,1.0.5,2,1,0,0.00
atom-color-highlight,2.0.14,6,1,0,0.00
atom-color-highlight,2.0.3,6,1,0,0.00
atom-color-highlight,2.0.4,49,3,0,0.00
atom-color-highlight,2.0.6,37,1,0,0.00
atom-color-highlight,3.0.3,2,1,0,0.00
atom-color-highlight,3.0.9,7,3,0,0.00
atom-color-highlight,unknown,65,4,0,0.00
atom-compile-coffee,1.3.0,"3,374",62,0,0.00
atom-compile-less,0.6.0,421,5,0,0.00
atom-compile-less,0.8.0,"1,667",24,0,0.00
atom-compile-less,0.9.0,482,18,0,0.00
atom-compile-less,unknown,1,1,0,0.00
atom-compile-less-on-less-change,1.0.0,18,1,0,0.00
atom-css-class-checker,0.4.3,346,6,0,0.00
atom-css-comb,0.6.4,12,3,0,0.00
atom-ctags,2.2.2,93,1,0,0.00
atom-ctags,2.2.5,101,1,0,0.00
atom-ctags,2.5.3,10,2,0,0.00
atom-ctags,2.5.5,21,6,0,0.00
atom-ctags,2.6.0,"1,354",24,0,0.00
atom-ctags,2.6.1,"1,236",24,0,0.00
atom-ctags,3.2.0,400,123,0,0.00
atom-darcula,0.2.0,79,16,0,0.00
atom-dark-flat-ui,2.0.0,2,1,0,0.00
atom-dark-flat-ui,2.1.0,18,8,0,0.00
atom-dark-syntax,0.26.0,136,1,0,0.00
atom-dark-syntax,0.27.0,612,8,0,0.00
atom-dark-ui,0.42.0,2,1,0,0.00
atom-dark-ui-slim,0.2.1,2,1,0,0.00
atom-dark-ui-slim,0.3.2,2,1,0,0.00
atom-dark-ui-slim,0.4.3,10,3,0,0.00
atom-darker-syntax,0.3.0,2,1,0,0.00
atom-dart,0.4.2,4,2,0,0.00
atom-dart,0.5.0,51,1,0,0.00
atom-dart,0.7.0,1,1,0,0.00
atom-dart,0.7.1,9,4,0,0.00
atom-dawn-theme,0.0.0,6,1,0,0.00
atom-deconsole,0.0.1,164,7,0,0.00
atom-disapproval,0.2.0,3,1,0,0.00
atom-dlang,1.0.0,2,2,0,0.00
atom-erb,0.1.0,81,20,0,0.00
atom-facepalm,0.3.0,10,1,0,0.00
atom-faker,0.2.0,406,17,0,0.00
atom-files,0.1.3,273,9,0,0.00
atom-flake8,0.1.0,158,6,0,0.00
atom-flat-ui,1.1.0,94,16,0,0.00
atom-github-theme,0.1.0,4,2,0,0.00
atom-glslify-editor,unknown,13,1,0,0.00
atom-grunt-configs,0.1.0,154,6,0,0.00
atom-hack,unknown,"1,595",28,0,0.00
Atom-Hack,3.5.4,25,6,0,0.00
atom-handlebars,0.3.26,6,1,0,0.00
atom-handlebars,0.3.38,24,1,0,0.00
atom-handlebars,0.4.0,25,5,0,0.00
atom-hexo,0.3.3,11,3,0,0.00
atom-html-helper,0.2.3,230,3,0,0.00
atom-html-preview,0.1.3,839,12,0,0.00
atom-html-preview,0.1.4,7,1,0,0.00
atom-html-preview,0.1.6,12,10,0,0.00
atom-html5-boilerplate,0.2.0,14,9,0,0.00
atom-htmlizer,0.1.1,1,1,0,0.00
atom-ice-cold-ui,0.3.0,8,4,0,0.00
atom-ipython,0.0.1,133,2,0,0.00
atom-itg-flat-master,0.1.1,2,1,0,0.00
atom-jade,0.1.0,74,73,0,0.00
atom-js2coffee,0.0.2,36,4,0,0.00
atom-jsfmt,0.6.0,572,36,0,0.00
atom-jshint,0.0.6,2,1,0,0.00
atom-jshint,1.2.0,"3,703",12,0,0.00
atom-jshint,1.4.3,"1,520",20,0,0.00
atom-jshint,1.4.4,545,3,0,0.00
atom-jshint,1.5.0,"189,914","1,289",0,0.00
atom-jshint,unknown,1,1,0,0.00
atom-jshinter,0.1.3,"3,104",30,0,0.00
atom-json-escape,2.0.0,3,3,0,0.00
atom-jsx-transform,0.1.0,"1,201",8,0,0.00
atom-jupyter,0.0.0,1,1,0,0.00
atom-language-xquery,0.2.0,3,3,0,0.00
atom-license,1.0.0,2,2,0,0.00
atom-light-simple-syntax,0.2.0,27,5,0,0.00
atom-light-ui-4k,0.30.1,6,3,0,0.00
atom-light-ui-slim,0.25.1,24,5,0,0.00
atom-lint,0.11.3,86,2,0,0.00
atom-lint,0.19.2,15,1,0,0.00
atom-lint,0.20.0,"1,594",27,0,0.00
atom-lint,0.20.1,"225,420","1,855",0,0.00
atom-lint,unknown,42,5,0,0.00
atom-mac-theme,0.4.2,52,15,0,0.00
atom-memolist,0.1.1,56,2,0,0.00
atom-memolist-grep,0.2.1,63,2,0,0.00
atom-memolist-new,0.2.1,63,2,0,0.00
atom-minifier,0.2.1,15,4,0,0.00
atom-minify,0.0.0,8,1,0,0.00
atom-minify,0.1.1,243,8,0,0.00
atom-minify,0.1.2,12,1,0,0.00
atom-minimap,3.3.4,2,1,0,0.00
atom-minjs,0.2.12,60,11,0,0.00
atom-modify,0.1.0,2,2,0,0.00
atom-monoindustrial,0.1.0,4,1,0,0.00
atom-monokai,0.5.0,2,1,0,0.00
atom-monokai,0.6.0,14,5,0,0.00
atom-monokai,0.7.0,74,16,0,0.00
atom-monokai-mod,0.4.0,108,7,0,0.00
atom-monokai-tweaked-ui-master,0.1.0,4,2,0,0.00
atom-mutle-theme,0.0.1,8,1,0,0.00
atom-neon-ui,0.36.0,4,2,0,0.00
atom-neon-ui,0.37.1,25,8,0,0.00
atom-node-debugger,0.2.3,24,1,0,0.00
atom-open-last-project-master,0.3.4,6,1,0,0.00
atom-open-project-in-iterm2,0.0.0,2,1,0,0.00
atom-open-project-in-tower,1.1.0,7,2,0,0.00
atom-overtype-mode,0.2.2,113,2,0,0.00
atom-pair,0.37.0,42,2,0,0.00
atom-pair,1.1.5,247,28,0,0.00
atom-paperjs,0.4.1,4,1,0,0.00
atom-party-theme-ui-master,0.22.0,10,3,0,0.00
atom-phpcs,0.5.0,3,1,0,0.00
atom-phpcs,0.7.0,94,8,0,0.00
atom-prettify,0.1.0,464,40,0,0.00
atom-processing,0.1.0,18,2,0,0.00
atom-python-debugger,0.1.0,8,2,0,0.00
atom-python-debugger,0.1.1,6,1,0,0.00
atom-python-debugger,0.2.0,1,1,0,0.00
atom-python-debugger,0.2.2,504,46,0,0.00
atom-python-debugger,unknown,2,1,0,0.00
atom-rails,0.4.0,126,39,0,0.00
atom-raml-preview,0.0.1,4,1,0,0.00
atom-raygun,0.2.1,12,1,0,0.00
atom-react,0.0.1,4,1,0,0.00
atom-repl,0.0.0,135,4,0,0.00
atom-repl,0.0.1,3,1,0,0.00
atom-ruby-bundler,0.2.1,103,2,0,0.00
atom-runner,1.0.9,16,2,0,0.00
atom-runner,1.1.0,1,1,0,0.00
atom-runner,2.1.1,155,3,0,0.00
atom-runner,2.2.0,317,16,0,0.00
atom-runner,2.3.0,"5,639",153,0,0.00
atom-scroller,0.1.0,1,1,0,0.00
atom-semicolons,0.1.5,406,18,0,0.00
atom-sharp,0.1.0,99,12,0,0.00
atom-sharper,0.0.0,3,1,0,0.00
atom-sharper,0.1.3,32,2,0,0.00
atom-simple-dark-ui,0.26.0,8,2,0,0.00
atom-snappy-light,0.4.0,14,4,0,0.00
atom-soda-dark-ui,0.5.0,2,1,0,0.00
atom-soda-dark-ui,0.7.0,2,1,0,0.00
atom-soda-dark-ui,0.8.0,54,18,0,0.00
atom-soda-dark-ui,0.9.0,496,110,0,0.00
atom-solo-dark-ui,1.3.0,26,11,0,0.00
atom-space-race,0.2.1,10,3,0,0.00
atom-speech-to-code,0.3.0,149,11,0,0.00
atom-spotify,0.6.1,134,3,0,0.00
atom-spotify,1.2.0,96,14,0,0.00
atom-spotify,unknown,10,1,0,0.00
atom-square-light-ui,0.1.2,42,11,0,0.00
atom-swiss-knife,0.0.0,265,8,0,0.00
Atom-Syntax-highlighting-for-Sass,0.5.0,12,12,0,0.00
atom-template-engine,0.2.2,3,3,0,0.00
atom-term,0.2.2,41,1,0,0.00
atom-term2,0.9.5,5,1,0,0.00
atom-terminal,0.6.0,12,4,0,0.00
atom-terminal,0.7.0,"1,002",463,0,0.00
atom-terminal-panel,4.1.0,7,2,0,0.00
atom-terminal-panel,4.1.2,17,7,0,0.00
atom-terminal-panel,4.3.1,63,26,0,0.00
atom-terminal-panel,4.4.2,4,4,0,0.00
atom-terminal-panel,4.4.3,429,135,0,0.00
atom-terminal-panel,4.4.4,1,1,0,0.00
atom-ternjs,0.5.23,3,1,0,0.00
atom-ternjs,0.5.30,1,1,0,0.00
atom-text-transformer,0.5.0,1,1,0,0.00
atom-tidy-markdown,0.2.0,18,2,0,0.00
Atom-toro-syntax,0.2.3,12,6,0,0.00
atom-toro-ui,0.3.2,8,3,0,0.00
atom-typescript,0.74.0,31,3,0,0.00
atom-typescript,0.79.0,6,1,0,0.00
atom-typescript,0.82.0,1,1,0,0.00
atom-typescript,0.85.0,4,1,0,0.00
atom-typescript,0.86.0,204,18,0,0.00
atom-typescript,1.0.0,3,1,0,0.00
atom-typescript,1.1.0,1,1,0,0.00
atom-typescript,1.10.0,"2,223",6,0,0.00
atom-typescript,1.11.0,1,1,0,0.00
atom-typescript,1.12.0,60,4,0,0.00
atom-typescript,1.13.0,84,2,0,0.00
atom-typescript,1.19.0,1,1,0,0.00
atom-typescript,1.5.1,45,15,0,0.00
atom-typescript,1.6.0,472,11,0,0.00
atom-typescript,1.8.0,"2,453",14,0,0.00
atom-typescript,2.14.0,12,1,0,0.00
atom-typescript,2.14.2,9,4,0,0.00
atom-typescript,2.15.0,6,2,0,0.00
atom-typescript,2.15.10,8,1,0,0.00
atom-typescript,2.15.2,8,1,0,0.00
atom-typescript,4.0.12,60,1,0,0.00
atom-typescript,4.0.13,106,4,0,0.00
atom-typescript,4.0.16,520,5,0,0.00
atom-typescript,4.0.9,150,10,0,0.00
atom-typescript,4.1.0,37,4,0,0.00
atom-typescript,4.1.3,57,1,0,0.00
atom-typescript,4.1.4,10,1,0,0.00
atom-typescript,4.1.5,4,1,0,0.00
atom-typescript,4.1.7,4,2,0,0.00
atom-typescript,4.2.4,16,1,0,0.00
atom-typescript,4.3.0,72,11,0,0.00
atom-typescript,4.3.1,3,2,0,0.00
atom-typescript,4.4.0,6,1,0,0.00
atom-typescript,unknown,2,1,0,0.00
atom-typescript-tools,0.5.2,17,1,0,0.00
atom-typescript-tools,0.6.2,"1,406",6,0,0.00
atom-ubuntu-dark-ui,0.37.0,12,6,0,0.00
atom-ungit,0.4.3,393,4,0,0.00
atom-vs-syntax,0.2.1,4,2,0,0.00
atom-watch-web,0.0.0,839,7,0,0.00
atom-wordcount-2.2.0,2.2.0,1,1,0,0.00
atom-xikij,0.7.7,5,2,0,0.00
atom-xikij,0.9.1,54,2,0,0.00
atom-xikij,unknown,3,1,0,0.00
atom-yeoman,0.2.0,28,12,0,0.00
atom-zeal,0.1.0,839,26,0,0.00
atom-zoi,0.3.1,3,1,0,0.00
atomatigit,1.2.3,359,16,0,0.00
atomatigit,1.3.0,"3,932",149,0,0.00
atomcasts-syntax,0.10.3,14,6,0,0.00
atomic-emacs,0.3.1,146,1,0,0.00
atomic-emacs,0.3.2,4,1,0,0.00
atomic-emacs,0.3.3,69,1,0,0.00
atomic-emacs,0.4.0,6,2,0,0.00
atomic-emacs,0.4.1,5,2,0,0.00
atomic-emacs,0.4.2,78,8,0,0.00
atomic-emacs,0.5.0,10,1,0,0.00
atomic-emacs,0.5.1,206,79,0,0.00
atomic-rest,0.2.1,8,2,0,0.00
Atomic-TWA,0.3.0,4,1,0,0.00
atomicchar,unknown,41,12,0,0.00
AtomicSkittles,0.7.0,24,3,0,0.00
Atomkit,0.10.0,4,2,0,0.00
atomtools,0.1.0,"1,396",17,0,0.00
aural-coding,0.6.0,2,1,0,0.00
auto-copyright,0.4.1,4,3,0,0.00
auto-detect-indentation,0.1.0,1,1,0,0.00
auto-detect-indentation,0.2.2,"1,933",20,0,0.00
auto-detect-indentation,0.3.0,"5,101",19,0,0.00
auto-detect-indentation,0.4.0,1,1,0,0.00
auto-detect-indentation,0.4.2,636,4,0,0.00
auto-encoding-for-ruby,1.0.3,3,3,0,0.00
auto-host-markdown-image,0.2.3,14,6,0,0.00
auto-indent,0.1.0,"6,035",269,0,0.00
auto-replace-in-selection,2.1.0,54,8,0,0.00
auto-update-packages,0.2.1,"1,427",3,0,0.00
auto-update-packages,0.2.2,"12,494",779,0,0.00
autobot-syntax-theme,0.3.0,36,1,0,0.00
autoclose-html,0.11.0,8,1,0,0.00
autoclose-html,0.12.0,414,20,0,0.00
autoclose-html,0.13.0,"2,448",64,0,0.00
autoclose-html,0.14.0,20,4,0,0.00
autoclose-html,0.15.0,"1,430",149,0,0.00
autoclose-html,0.16.0,552,133,0,0.00
autoclose-html,0.5.0,269,3,0,0.00
autoclose-html,0.8.0,279,17,0,0.00
autoclose-html,unknown,14,6,0,0.00
autocomplete-bibtex,0.4.1,7,3,0,0.00
autocomplete-bibtex,0.5.6,5,3,0,0.00
autocomplete-bibtex,0.5.7,2,2,0,0.00
autocomplete-bibtex,unknown,2,1,0,0.00
autocomplete-clang,0.6.2,145,7,0,0.00
autocomplete-clang,0.6.4,214,9,0,0.00
autocomplete-clang,0.6.5,18,3,0,0.00
autocomplete-clang,0.6.8,2,1,0,0.00
autocomplete-clang,0.6.9,"1,805",128,0,0.00
autocomplete-clang,unknown,4,1,0,0.00
autocomplete-emojis,0.7.1,2,1,0,0.00
autocomplete-emojis,2.2.2,12,10,0,0.00
autocomplete-emojis,unknown,1,1,0,0.00
autocomplete-gocode,0.4.0,266,14,0,0.00
autocomplete-gocode,0.5.0,"1,069",32,0,0.00
autocomplete-haskell,0.2.0,8,2,0,0.00
autocomplete-haskell,0.2.1,466,203,0,0.00
autocomplete-haskell-master,0.2.1,12,3,0,0.00
autocomplete-haxe,0.2.0,111,21,0,0.00
autocomplete-jedi,1.2.0,775,46,0,0.00
autocomplete-modules,0.3.3,740,29,0,0.00
autocomplete-paths,0.6.0,1,1,0,0.00
autocomplete-paths,0.7.0,"1,004",63,0,0.00
autocomplete-paths,1.0.2,183,9,0,0.00
autocomplete-paths,unknown,5,2,0,0.00
autocomplete-phpunit,1.0.0,"16,831",75,0,0.00
autocomplete-plus,0.10.0,115,1,0,0.00
autocomplete-plus,0.14.0,21,3,0,0.00
autocomplete-plus,0.15.0,98,4,0,0.00
autocomplete-plus,0.18.0,150,1,0,0.00
autocomplete-plus,0.19.0,683,4,0,0.00
autocomplete-plus,0.20.0,353,8,0,0.00
autocomplete-plus,0.21.0,"9,040",112,0,0.00
autocomplete-plus,0.22.1,35,5,0,0.00
autocomplete-plus,0.22.3,"5,632",46,0,0.00
autocomplete-plus,1.0.0,841,7,0,0.00
autocomplete-plus,1.1.0,"5,610",53,0,0.00
autocomplete-plus,2.0.10,1,1,0,0.00
autocomplete-plus,2.0.12,5,1,0,0.00
autocomplete-plus,2.0.3,1,1,0,0.00
autocomplete-plus,2.1.3,26,6,0,0.00
autocomplete-plus,2.1.6,12,2,0,0.00
autocomplete-plus,2.12.1,2,1,0,0.00
autocomplete-plus,2.13.1,442,5,0,0.00
autocomplete-plus,2.14.1,3,3,0,0.00
autocomplete-plus,2.14.2,1,1,0,0.00
autocomplete-plus,2.15.1,1,1,0,0.00
autocomplete-plus,2.16.3,145,14,0,0.00
autocomplete-plus,2.2.0,38,6,0,0.00
autocomplete-plus,2.4.0,15,3,0,0.00
autocomplete-plus,2.4.1,56,5,0,0.00
autocomplete-plus,2.4.2,30,7,0,0.00
autocomplete-plus,2.5.0,2,2,0,0.00
autocomplete-plus,2.6.0,398,8,0,0.00
autocomplete-plus,2.7.0,47,4,0,0.00
autocomplete-plus,2.7.1,93,10,0,0.00
autocomplete-plus,2.8.0,4,2,0,0.00
autocomplete-plus-async,0.22.0,"104,804",691,0,0.00
autocomplete-plus-jedi,0.0.4,8,2,0,0.00
autocomplete-plus-jedi,0.0.9,156,39,0,0.00
autocomplete-plus-python-jedi,0.2.3,1,1,0,0.00
autocomplete-python,0.3.0,2,1,0,0.00
autocomplete-require-paths,1.0.0,2,1,0,0.00
autocomplete-snippets,0.2.0,205,22,0,0.00
autocomplete-snippets,1.0.0,1,1,0,0.00
autosave,0.15.0,187,2,0,0.00
backbonejs-snippets,0.4.1,15,5,0,0.00
background-matrix,0.0.2,"3,747",44,0,0.00
Bandicoot,0.0.6,6,1,0,0.00
Base16-Chalk-Dark,0.1.0,20,7,0,0.00
base16-dark-syntax,0.1.0,26,6,0,0.00
base16-default-dark-syntax,0.26.0,12,3,0,0.00
base16-eighties-dark,2.1.1,212,37,0,0.00
base16-eighties-dark-syntax,0.1.0,61,15,0,0.00
base16-light-syntax,0.2.0,55,15,0,0.00
base16-mocha-light-syntax,0.1.0,4,2,0,0.00
base16-mochadark-syntax,0.1.0,8,3,0,0.00
base16-ocean-dark,0.3.0,312,60,0,0.00
base16-ocean-dark-syntax-theme,0.1.2,6,1,0,0.00
base16-ocean-dark-syntax-theme,0.1.3,18,6,0,0.00
base16-ocean-light-syntax,0.1.0,36,8,0,0.00
base16-pop-dark,0.0.0,20,1,0,0.00
base16-pretty-dark,0.2.0,16,5,0,0.00
base16-solarized-dark-syntax,0.2.0,6,2,0,0.00
base16-syntax,0.1.2,1,1,0,0.00
base16-syntax,0.2.1,1,1,0,0.00
base16-syntax,1.0.1,3,3,0,0.00
base16-tomorrow-dark-theme,0.22.0,8,3,0,0.00
base64,0.1.0,73,7,0,0.00
beacon-ui,0.4.1,2,1,0,0.00
beacon-ui,0.5.0,"1,080",62,0,0.00
behat-atom,0.1.2,2,2,0,0.00
behave-theme,1.2.0,24,5,0,0.00
behave-theme,1.4.0,4,2,0,0.00
bemhtml,0.10.0,1,1,0,0.00
better-handlebars,0.1.1,3,3,0,0.00
better-language-dart,1.0.1,1,1,0,0.00
bezier-curve-editor,0.6.6,38,13,0,0.00
big-cursor,0.1.0,32,2,0,0.00
black-pearl-i-i,0.4.0,2,1,0,0.00
black-ui,0.2.3,9,3,0,0.00
blackboard-theme,0.1.1,14,5,0,0.00
block-comment,0.4.1,220,20,0,0.00
block-selection-mode,0.3.0,2,2,0,0.00
block-travel,0.10.0,267,10,0,0.00
block-travel,1.0.2,14,1,0,0.00
block-travel,unknown,5,1,0,0.00
blue-dream-ui,0.35.0,4,2,0,0.00
blue-lotus-light-syntax,1.0.1,2,1,0,0.00
blue-lotus-light-ui,1.0.2,6,2,0,0.00
bonfire-ui,0.1.3,2,1,0,0.00
boron-syntax,1.0.1,12,2,0,0.00
bower-install,0.2.4,46,9,0,0.00
bracket-matcher,0.62.0,6,2,0,0.00
bracket-matcher,0.67.0,1,1,0,0.00
bracket-matcher,0.71.0,85,10,0,0.00
break,0.3.1,68,4,0,0.00
breeze-syntax,0.2.0,2,1,0,0.00
brilliance-white-theme,0.2.1,6,2,0,0.00
brogrammer-syntax,0.1.0,20,8,0,0.00
brogrammer-syntax,0.2.0,162,35,0,0.00
brogrammer-ui,0.4.0,8,4,0,0.00
brogrammer-ui,0.7.0,374,61,0,0.00
brogrammer2-ui,0.5.0,16,7,0,0.00
bronokai,1.0.0,287,42,0,0.00
browser-plus,0.0.15,47,10,0,0.00
browser-plus,0.0.16,19,2,0,0.00
browser-plus,0.0.17,76,8,0,0.00
browser-plus,0.0.19,208,16,0,0.00
browser-plus,0.0.20,34,6,0,0.00
browser-plus,0.0.21,80,8,0,0.00
browser-refresh,0.6.0,10,1,0,0.00
browser-refresh,0.8.0,31,3,0,0.00
browser-refresh,0.8.3,"1,445",100,0,0.00
browser-refresh,unknown,5,2,0,0.00
build,0.10.0,14,1,0,0.00
build-systems,0.5.0,351,24,0,0.00
build-tools-cpp,1.2.1,2,1,0,0.00
build-tools-cpp,1.2.2,1,1,0,0.00
build-tools-cpp,1.2.6,24,23,0,0.00
burn,0.1.0,50,16,0,0.00
cabal,0.0.13,4,2,0,0.00
cakephp-snippets,0.6.0,28,6,0,0.00
calculator,0.1.0,12,4,0,0.00
caniuse,0.4.2,13,1,0,0.00
caniuse,0.5.1,44,2,0,0.00
cargo-test-runner,0.0.3,29,29,0,0.00
cd,0.1.0,1,1,0,0.00
center-line,1.1.0,160,7,0,0.00
center-screen,0.2.1,10,1,0,0.00
centurion-ui,0.4.0,46,13,0,0.00
chameleon-dark-syntax,0.0.5,26,4,0,0.00
change-case,0.4.0,38,5,0,0.00
change-case,0.5.1,47,12,0,0.00
change-case,unknown,3,1,0,0.00
character-table,0.2.0,2,1,0,0.00
circle-ci,0.3.0,560,3,0,0.00
circle-ci,0.9.1,12,4,0,0.00
circle-ci,unknown,1,1,0,0.00
clang-format,1.13.0,701,5,0,0.00
clang-format,1.6.0,63,3,0,0.00
clang-format,1.8.0,750,11,0,0.00
class-complete,3.0.1,7,1,0,0.00
clean,unknown,3,1,0,0.00
clean-atom-dark-ui,0.28.0,16,4,0,0.00
clean2,unknown,10,3,0,0.00
Clean2,0.12.3,11,5,0,0.00
clear-storage,0.1.0,1,1,0,0.00
clipboard-history,0.6.1,9,1,0,0.00
clipboard-history,0.6.4,141,33,0,0.00
close-after-last-tab,0.1.5,51,9,0,0.00
close-tags,0.2.0,48,13,0,0.00
closure-linter,0.2.5,"1,281",48,0,0.00
cloud-sync,0.0.2,3,1,0,0.00
Clouds,1.0.5,8,3,0,0.00
cmd-9,0.0.3,17,1,0,0.00
cobalt2-atom,0.0.0,18,3,0,0.00
code-links,0.3.10,65,37,0,0.00
code-links,0.3.8,26,12,0,0.00
codebug,0.2.1,20,14,0,0.00
codeception-snippets,0.1.0,1,1,0,0.00
CodeSchool2,0.0.0,50,9,0,0.00
codeship-status,0.1.1,44,8,0,0.00
coffee-autocompile,0.1.1,"1,687",35,0,0.00
coffee-compile,0.15.0,3,1,0,0.00
coffee-compile,0.6.0,193,10,0,0.00
coffee-compile,0.8.4,16,2,0,0.00
coffee-compile,unknown,30,1,0,0.00
coffee-compiler,0.11.0,20,3,0,0.00
coffee-eval,0.3.0,242,1,0,0.00
coffee-eval,0.8.0,615,50,0,0.00
coffee-lint,0.7.3,"74,045",826,0,0.00
coffee-navigator,0.0.16,"4,893",47,0,0.00
coffee-refactor,0.6.2,"8,295",93,0,0.00
coffee-trace,0.2.0,6,1,0,0.00
coffeecompile,unknown,144,11,0,0.00
coffeefilter,unknown,56,7,0,0.00
Coffeefilter,0.1.3,1,1,0,0.00
coffeescript-build,2.0.0,53,5,0,0.00
coffeescript-check,0.0.3,10,3,0,0.00
coffeescript-preview,1.0.0,143,6,0,0.00
collab,0.1.0,1,1,0,0.00
collaborative-edit,0.2.6,3,1,0,0.00
color,0.5.0,"10,266",41,0,0.00
color,unknown,31,1,0,0.00
color-gutter,0.3.1,"2,505",9,0,0.00
color-picker,0.14.1,22,4,0,0.00
color-picker,0.14.2,19,3,0,0.00
color-picker,0.14.3,122,12,0,0.00
color-picker,0.8.0,4,2,0,0.00
color-picker,0.9.0,13,1,0,0.00
color-picker,1.0.0,11,2,0,0.00
color-picker,1.1.0,339,12,0,0.00
color-picker,1.2.0,664,29,0,0.00
color-picker,1.2.1,"2,192",53,0,0.00
color-picker,1.2.3,540,9,0,0.00
color-picker,1.2.4,"1,071",23,0,0.00
color-picker,1.2.5,"3,545",88,0,0.00
color-picker,1.2.6,"5,229",184,0,0.00
color-picker,1.3.0,726,27,0,0.00
color-picker,1.4.0,2,1,0,0.00
color-picker,1.4.4,"4,039",216,0,0.00
color-picker,1.5.0,"2,461",106,0,0.00
color-picker,1.7.0,"1,082",100,0,0.00
color-picker,unknown,172,26,0,0.00
colorpicker,0.3.0,26,9,0,0.00
column-overflow,0.1.0,7,1,0,0.00
column-select,0.1.0,41,8,0,0.00
column-select,0.2.0,6,1,0,0.00
command-logger,0.15.0,20,5,0,0.00
command-logger,0.16.0,8,2,0,0.00
command-logger,0.20.0,"1,554",56,0,0.00
command-logger,0.23.0,157,8,0,0.00
command-logger,unknown,29,7,0,0.00
command-toolbar,1.0.0,10,2,0,0.00
command-toolbar,1.0.7,85,11,0,0.00
command-toolbar,unknown,3,1,0,0.00
comment,0.2.7,407,30,0,0.00
comment-block,0.2.0,84,7,0,0.00
comment-down,0.1.0,170,8,0,0.00
compare-files,0.2.6,"2,372",53,0,0.00
compare-files,0.4.1,"1,944",203,0,0.00
compass,0.7.5,"4,660",156,0,0.00
composer,0.3.1,"1,709",21,0,0.00
convert-to-utf8,0.0.4,5,1,0,0.00
convert-to-utf8,0.1.0,257,13,0,0.00
converttoutf8plus,unknown,28,2,0,0.00
ConvertToUtf8Plus,0.2.2,8,4,0,0.00
copy-as-rtf,0.7.0,12,9,0,0.00
copy-improved,0.0.2,546,6,0,0.00
copy-paste-context,2.1.0,2,2,0,0.00
copy-word,0.2.0,40,4,0,0.00
coral-blue-syntax,0.2.0,2,1,0,0.00
coverage,0.5.1,942,45,0,0.00
Cozy-theme,0.1.0,16,6,0,0.00
crosshairs,0.1.2,"32,279",100,0,0.00
css-color-highlight,0.3.0,"1,814",68,0,0.00
css-color-highlighting,0.2.4,"32,795",163,0,0.00
css-color-underline,0.1.0,45,1,0,0.00
css-color-underline,0.1.1,514,9,0,0.00
csscomb,0.1.2,220,33,0,0.00
cssedit-groups,0.3.0,207,4,0,0.00
csslint,0.4.3,4,1,0,0.00
csslint,0.4.4,10,1,0,0.00
csslint,0.5.1,933,26,0,0.00
csslint,1.0.3,"1,939",25,0,0.00
csslint,1.0.4,306,17,0,0.00
csslint,1.1.0,5,2,0,0.00
csslint,1.1.2,66,11,0,0.00
csslint,1.1.3,10,1,0,0.00
ctags-status,1.2.1,2,2,0,0.00
ctags-status,1.2.3,94,43,0,0.00
ctrl-dir-scroll,0.1.8,"5,319",32,0,0.00
cucumber-runner,0.1.1,10,3,0,0.00
cucumber-step,0.1.2,31,5,0,0.00
cursor-count,0.2.0,"6,024",24,0,0.00
cursor-history,0.2.10,4,3,0,0.00
custom-title,0.7.0,"2,535",23,0,0.00
custom-title,0.7.1,345,122,0,0.00
cut-line,0.10.0,"12,482",244,0,0.00
d-struct,1.0.4,7,3,0,0.00
dark-flat-ui,0.4.4,2,1,0,0.00
dark-flat-ui,1.1.2,4,1,0,0.00
dark-monokai-batch,0.4.0,14,5,0,0.00
dark-petroleum-syntax,0.1.3,24,5,0,0.00
darkmate,1.2.2,6,2,0,0.00
darkmatter-theme,1.4.2,8,3,0,0.00
darkula-syntax,0.3.0,184,44,0,0.00
darkula-syntax-0.3.0,0.3.0,2,1,0,0.00
darkula-ui,0.1.0,80,24,0,0.00
darkula-ui-0.1.0,0.1.0,4,1,0,0.00
dart-tools,0.8.9,1,1,0,0.00
dart-tools,0.9.2,1,1,0,0.00
dart-tools,0.9.4,1,1,0,0.00
dart-tools,0.9.5,2,2,0,0.00
dash,1.0.0,745,18,0,0.00
dash,1.0.3,1,1,0,0.00
dash,1.1.1,130,4,0,0.00
dash,unknown,15,2,0,0.00
data-atom,0.4.0,"1,287",27,0,0.00
data-atom,0.6.1,207,4,0,0.00
data-atom,unknown,11,2,0,0.00
date,1.0.0,9,7,0,0.00
dcunited08-ui,0.6.3,6,2,0,0.00
dec-hex-oct-bin,0.1.1,3,1,0,0.00
decoration-example,0.0.0,12,1,0,0.00
deepsea,0.1.4,52,15,0,0.00
define-jump,1.0.1,28,3,0,0.00
deprecation-cop,0.10.0,18,1,0,0.00
desert-ex-syntax,2.0.3,98,12,0,0.00
desert256-syntax,0.1.0,4,1,0,0.00
devdocs,0.2.0,5,3,0,0.00
devender-syntax,0.2.0,6,2,0,0.00
disable-aa,0.1.1,1,1,0,0.00
django-templates,0.3.0,19,7,0,0.00
django-templates,0.4.0,53,30,0,0.00
docblockr,0.3.0,1,1,0,0.00
docblockr,0.4.2,201,5,0,0.00
docblockr,0.5.2,93,1,0,0.00
docblockr,0.5.8,"12,069",101,0,0.00
docblockr,0.6.3,"129,070",757,0,0.00
docblockr,0.7.1,"11,233",179,0,0.00
docblockr,unknown,33,6,0,0.00
documentation-renderer,0.2.0,3,1,0,0.00
drag-drop-text,0.1.2,32,7,0,0.00
dropbox-syntax,0.2.0,2,1,0,0.00
drupal-info-file,1.5.0,1,1,0,0.00
dsdevtools,unknown,162,9,0,0.00
DsDevTools,unknown,5,1,0,0.00
dsl-progress,0.21.0,3,1,0,0.00
dsl-progress,0.23.0,34,3,0,0.00
dsl-progress,0.25.0,33,3,0,0.00
duplicate-and-comment,0.2.0,75,5,0,0.00
duraspace-xml,0.4.0,3,2,0,0.00
dusk-theme,0.0.0,26,7,0,0.00
dyslexia,unknown,244,2,0,0.00
e2e,unknown,"1,880",6,0,0.00
ease-blink,0.5.1,1,1,0,0.00
easy-motion,1.1.3,9,1,0,0.00
easy-motion,1.1.4,"1,480",17,0,0.00
editor-background,0.10.2,10,1,0,0.00
editor-background,0.12.1,176,1,0,0.00
editor-background,0.5.2,22,2,0,0.00
editor-background,0.9.2,279,7,0,0.00
editor-grammar-scope,0.1.0,5,1,0,0.00
editor-stats,0.14.0,298,14,0,0.00
editor-stats,0.15.0,7,1,0,0.00
editor-stats,0.16.0,"1,878",77,0,0.00
editor-stats,0.17.0,303,18,0,0.00
editor-stats,unknown,23,9,0,0.00
editorconfig,0.2.0,304,48,0,0.00
editorconfig,0.2.1,1,1,0,0.00
editorconfig,0.2.2,257,35,0,0.00
editorconfig,0.2.3,23,7,0,0.00
editorconfig,0.3.0,831,98,0,0.00
editorconfig,0.3.1,49,6,0,0.00
editorconfig,0.3.2,72,18,0,0.00
editorconfig,1.0.0,287,30,0,0.00
editorconfig,unknown,6,3,0,0.00
ekini-like,0.9.1,4,1,0,0.00
ekini-like-ui,1.0.1,6,2,0,0.00
electron-dark-syntax,1.0.1,62,11,0,0.00
elementary-light-ui,0.26.2,20,2,0,0.00
elixir-cmd,0.2.3,63,3,0,0.00
elixir-cmd,0.2.5,209,38,0,0.00
elucidator,0.1.1,46,3,0,0.00
emacs-mode,0.0.29,"1,056",33,0,0.00
ember-cli-helper,0.4.0,8,1,0,0.00
emerald-syntax,1.1.1,86,19,0,0.00
emmet,0.7.0,201,11,0,0.00
emmet,0.9.0,639,24,0,0.00
emmet,2.2.0,384,10,0,0.00
emmet,2.2.1,345,30,0,0.00
emmet,2.3.0,"2,064",55,0,0.00
emmet,2.3.1,1,1,0,0.00
emmet,2.3.2,242,17,0,0.00
emmet,2.3.3,604,51,0,0.00
emmet,2.3.4,"1,778",150,0,0.00
emmet,2.3.6,901,54,0,0.00
emmet,2.3.7,167,44,0,0.00
emmet,2.3.9,270,122,0,0.00
emmet,unknown,97,13,0,0.00
emmet-atom,2.1.1,5,2,0,0.00
emmet-atom,2.2.0,854,10,0,0.00
emmet-atom,2.2.1,39,3,0,0.00
emmet-atom,2.3.2,2,2,0,0.00
emmet-atom,2.3.3,9,1,0,0.00
emmet-atom,2.3.4,125,15,0,0.00
emmet-atom,2.3.6,4,3,0,0.00
encoding-auto-detect,0.1.0,2,2,0,0.00
encoding-selector,0.18.0,1,1,0,0.00
encoding-selector,0.8.0,118,2,0,0.00
enhanced-dark-ui,0.1.0,10,5,0,0.00
enhanced-tabs,1.1.0,58,25,0,0.00
ensime,unknown,"1,160",5,0,0.00
Ensime,0.5.1,4,4,0,0.00
envygeeks-file-icons,0.2.1,15,5,0,0.00
erb-helper,0.2.1,941,31,0,0.00
erb-snippets,0.4.2,8,1,0,0.00
erb-snippets,0.5.0,53,8,0,0.00
erlang-build,0.3.0,3,1,0,0.00
error-status,0.3.3,662,43,0,0.00
es-navigation,0.1.4,3,1,0,0.00
es-navigation,0.1.5,116,12,0,0.00
es-navigation,unknown,3,1,0,0.00
escape-utils,0.5.0,25,7,0,0.00
esformatter,1.2.0,10,1,0,0.00
esformatter,1.3.0,29,1,0,0.00
esformatter,1.4.0,78,11,0,0.00
esformatter,1.5.0,46,7,0,0.00
esformatter,1.5.2,1,1,0,0.00
esformatter,1.5.3,694,27,0,0.00
esformatter,1.6.0,1,1,0,0.00
eslint,0.15.0,"1,758",106,0,0.00
EspressoLibre,0.0.0,4,2,0,0.00
etheline-syntax,0.1.1,7,1,0,0.00
etheline-ui,0.1.1,7,1,0,0.00
eval,0.2.0,4,2,0,0.00
even-darker-syntax,1.1.0,14,3,0,0.00
even-darker-ui,1.1.0,4,1,0,0.00
ever-notedown,0.1.0,2,1,0,0.00
ever-notedown,0.1.1,1,1,0,0.00
ex-mode,0.4.1,"10,787",214,0,0.00
execute-as-perl,0.1.1,4,2,0,0.00
execute-as-ruby,0.1.1,96,8,0,0.00
expand-selection,0.2.1,542,22,0,0.00
expand-selection-to-quotes,0.1.0,217,14,0,0.00
explicit-reload,0.2.0,43,4,0,0.00
external-open,0.5.3,1,1,0,0.00
extract-method,0.1.0,3,1,0,0.00
f-ui,0.6.3,12,3,0,0.00
fade-to-calm-brighter,0.1.0,8,1,0,0.00
fake-theme,2.0.0,6,3,0,0.00
faker,0.1.0,26,4,0,0.00
fancy-new-file,0.7.0,"1,805",38,0,0.00
fantasy-ui,1.2.3,8,1,0,0.00
fantasy-ui,2.0.0,4,1,0,0.00
fast-duplicate,1.0.0,27,6,0,0.00
fdark-monokai,0.0.1,14,3,0,0.00
fekit,0.0.0,39,3,0,0.00
figlet,0.2.0,11,1,0,0.00
figlet,unknown,11,1,0,0.00
file-icon-supplement,0.7.1,83,1,0,0.00
file-icon-supplement,0.7.10,"11,900",158,0,0.00
file-icon-supplement,0.7.2,140,1,0,0.00
file-icon-supplement,0.7.3,34,13,0,0.00
file-icon-supplement,unknown,2,1,0,0.00
file-icons,1.3.2,24,1,0,0.00
file-icons,1.4.1,9,1,0,0.00
file-icons,1.4.11,2,2,0,0.00
file-icons,1.4.2,5,1,0,0.00
file-icons,1.4.4,13,2,0,0.00
file-icons,1.4.5,1,1,0,0.00
file-icons,1.4.8,1,1,0,0.00
file-icons,1.5.0,12,1,0,0.00
file-icons,1.5.1,15,8,0,0.00
file-icons,1.5.2,527,6,0,0.00
file-mode,1.0.1,21,1,0,0.00
file-types,0.3.0,"21,521",976,0,0.00
filesize,0.1.1,18,2,0,0.00
filetype-color,0.1.4,"14,217",668,0,0.00
find-letter,0.2.0,1,1,0,0.00
find-selection,0.15.0,6,6,0,0.00
firepad,0.3.1,91,7,0,0.00
fizzy,0.14.0,2,1,0,0.00
fizzy,0.15.0,979,264,0,0.00
fizzy-dark,0.18.2,6,2,0,0.00
fizzy-syntax-theme,0.9.0,55,11,0,0.00
flake8,0.6.0,614,17,0,0.00
flanderized-ui,0.3.0,2,1,0,0.00
flanderized-ui,1.0.1,12,2,0,0.00
flat-simple-dark-ui,0.1.1,61,17,0,0.00
flatland-dark-ui,0.2.0,12,5,0,0.00
flatland-dark-ui,0.2.3,62,22,0,0.00
flatland-dark-ui,0.2.4,2,1,0,0.00
flatty-syntax,0.1.0,6,2,0,0.00
flex-tool-bar,0.2.1,4,3,0,0.00
flo-syntax,0.0.0,112,2,0,0.00
floobits,0.4.0,14,3,0,0.00
fold-comments,0.2.0,10,2,0,0.00
fold-comments,0.3.0,6,5,0,0.00
font-viewer,0.1.0,4,1,0,0.00
footnoter,1.3.0,3,1,0,0.00
forcedotcom-builder,0.1.0,2,1,0,0.00
ForLatex,0.0.0,10,1,0,0.00
format-sql,0.2.0,12,12,0,0.00
frigg-runner-status,1.0.3,421,17,0,0.00
fruits,5.0.0,26,8,0,0.00
fruits-syntax,0.0.7,106,14,0,0.00
fsharp,unknown,32,10,0,0.00
function-name-in-status-bar,0.2.6,"14,300",110,0,0.00
fuzzy-finder-plus,1.4.0,"1,598",31,0,0.00
galaxy-syntax,0.0.1,8,4,0,0.00
genesis-snippets,2.0.0,1,1,0,0.00
genrandom,0.1.0,2,2,0,0.00
geojson-preview,0.3.3,6,1,0,0.00
gestalter-svg-preview,0.5.1,"1,170",7,0,0.00
get-routes,0.1.0,39,8,0,0.00
giebele-syntax,0.6.0,16,3,0,0.00
giebele-ui,0.6.3,16,3,0,0.00
giphy,0.1.0,173,7,0,0.00
gist-it,0.6.10,511,134,0,0.00
gist-it,0.6.4,33,4,0,0.00
gist-it,0.6.6,1,1,0,0.00
gist-it,unknown,4,1,0,0.00
gistom,0.4.8,26,2,0,0.00
git-blame,0.4.0,516,40,0,0.00
git-blame,0.4.1,1,1,0,0.00
git-blame,0.4.2,3,3,0,0.00
git-blame,0.4.3,7,1,0,0.00
git-blame,unknown,13,1,0,0.00
git-control,0.1.8,651,17,0,0.00
git-control,0.1.9,234,8,0,0.00
git-control,0.2.0,"5,244",234,0,0.00
git-diff,0.45.0,43,1,0,0.00
git-diff,0.47.0,877,6,0,0.00
git-diff,0.55.0,14,1,0,0.00
git-diff-details,0.6.0,404,4,0,0.00
git-diff-details,0.8.0,"1,352",18,0,0.00
git-diff-popup,0.1.3,146,13,0,0.00
git-difftool,0.2.5,20,10,0,0.00
git-grep,0.9.0,49,8,0,0.00
git-history,2.3.0,1,1,0,0.00
git-log,0.2.0,941,39,0,0.00
git-log,0.3.0,883,62,0,0.00
git-log,unknown,18,1,0,0.00
git-merge-conflicts,0.0.2,186,26,0,0.00
git-plus,3.10.1,651,14,0,0.00
git-plus,3.10.3,6,5,0,0.00
git-plus,3.10.4,82,5,0,0.00
git-plus,3.6.2,10,3,0,0.00
git-plus,3.9.0,6,1,0,0.00
git-plus,4.2.3,196,3,0,0.00
git-plus,4.3.1,96,1,0,0.00
git-plus,4.4.1,389,2,0,0.00
git-plus,4.4.10,265,3,0,0.00
git-plus,4.4.2,67,1,0,0.00
git-plus,4.4.8,689,8,0,0.00
git-plus,4.4.9,3,1,0,0.00
git-plus,4.5.0,249,47,0,0.00
git-plus,unknown,26,5,0,0.00
git-review,0.2.1,4,2,0,0.00
git-tab-status,1.0.1,898,3,0,0.00
git-tab-status,1.1.1,16,2,0,0.00
git-tab-status,1.3.0,"10,193",24,0,0.00
git-tab-status,1.4.0,"1,095",4,0,0.00
git-tab-status,1.5.3,"13,856",35,0,0.00
git-tab-status,1.9.0,322,1,0,0.00
git-tab-status,1.9.1,348,1,0,0.00
git-tab-status,1.9.2,29,1,0,0.00
git-tab-status,unknown,52,1,0,0.00
github-issues,0.2.0,59,3,0,0.00
github-issues,0.3.0,495,13,0,0.00
github-issues,0.5.0,"2,156",102,0,0.00
github-web,0.3.0,2,1,0,0.00
github-web,0.6.0,16,5,0,0.00
gitignore-snippets,0.2.3,38,10,0,0.00
gitter,0.6.2,44,6,0,0.00
glacier-syntax,0.0.4,56,13,0,0.00
glacier-ui,0.2.5,34,9,0,0.00
glist,1.0.11,430,9,0,0.00
glitterbomb,0.2.0,15,2,0,0.00
go-format,1.0.7,"29,996",406,0,0.00
go-oracle,0.2.0,540,21,0,0.00
go-playground,0.0.2,4,2,0,0.00
go-plus,1.0.4,2,1,0,0.00
go-plus,1.0.9,2,1,0,0.00
go-plus,1.1.4,430,13,0,0.00
go-plus,2.0.1,14,1,0,0.00
go-plus,2.0.10,19,6,0,0.00
go-plus,2.0.8,102,7,0,0.00
go-plus,2.0.9,7,1,0,0.00
go-plus,2.1.1,24,2,0,0.00
go-plus,3.0.12,26,1,0,0.00
go-plus,3.0.13,42,2,0,0.00
go-plus,3.0.4,68,8,0,0.00
go-plus,3.0.6,49,4,0,0.00
go-plus,3.0.9,8,1,0,0.00
go-plus,3.3.11,160,9,0,0.00
go-plus,unknown,50,4,0,0.00
go-to-view,0.1.2,244,30,0,0.00
gocode,0.2.1,81,37,0,0.00
gofmt,0.2.0,12,3,0,0.00
google-closure,0.1.0,6,2,0,0.00
gotham-syntax,0.0.0,8,1,0,0.00
gotham-syntax,0.2.0,10,2,0,0.00
goto,1.7.0,"2,917",49,0,0.00
gradle-ci,0.2.3,498,13,0,0.00
graphite-ui,0.11.4,4,2,0,0.00
graphite-ui,0.13.2,24,4,0,0.00
graphite-ui,0.14.1,744,156,0,0.00
graphite-ui,0.8.3,2,1,0,0.00
graphite-ui-master,0.14.0,4,1,0,0.00
graphviz-preview,0.3.0,141,7,0,0.00
green-syntax,0.3.0,26,11,0,0.00
greti-syntax,0.5.0,68,14,0,0.00
GreyCloud-theme,1.0.0,6,3,0,0.00
grunt-helper,0.2.0,59,3,0,0.00
grunt-runner,0.5.1,127,3,0,0.00
grunt-runner,0.7.0,171,10,0,0.00
grunt-runner,0.8.0,168,56,0,0.00
grunt-runner,0.8.2,3,3,0,0.00
grunt-runner,0.9.1,84,18,0,0.00
grunt-runner,unknown,84,2,0,0.00
gruvbox,0.3.2,174,34,0,0.00
gruvbox-dark-ryanmt,0.2.0,28,7,0,0.00
gulp-control,0.3.3,449,79,0,0.00
gulp-helper,2.0.0,"2,345",31,0,0.00
hacker-news,0.2.2,6,2,0,0.00
harbour-plus,2.0.3,22,1,0,0.00
hash-n,0.1.0,"1,847",10,0,0.00
hashy,1.0.0,2,1,0,0.00
haskell-ghc-mod,0.4.3,249,87,0,0.00
haskell-ghc-mod-master,0.4.3,11,3,0,0.00
haunter-syntax,0.3.3,4,1,0,0.00
haunter-ui,0.2.2,24,8,0,0.00
hdv,0.1.0,18,1,0,0.00
hecs-dark-theme-syntax,0.1.0,46,15,0,0.00
hecs-dark-ui,0.1.2,48,15,0,0.00
helium,0.4.0,8,4,0,0.00
helium,unknown,3,1,0,0.00
Helium,0.4.0,2,1,0,0.00
hex,0.3.10,17,4,0,0.00
hex,0.3.9,50,3,0,0.00
hex,0.5.0,2,1,0,0.00
hex,0.6.2,6,6,0,0.00
hide-files,0.1.1,8,1,0,0.00
hide-files,0.1.7,44,1,0,0.00
hide-files,unknown,8,1,0,0.00
hide-tree,0.0.3,34,3,0,0.00
hiera-eyaml,0.4.7,8,1,0,0.00
highlight-column,0.3.2,"101,697",520,0,0.00
highlight-css-color,1.3.0,"2,621",47,0,0.00
highlight-line,0.10.2,"1,108",10,0,0.00
highlight-line,0.7.6,132,3,0,0.00
highlight-line,0.8.1,224,3,0,0.00
highlight-line,0.9.2,"4,124",37,0,0.00
highlight-line,0.9.3,"20,713",99,0,0.00
highlight-line,unknown,100,12,0,0.00
highlight-selected,0.4.1,4,1,0,0.00
highlight-selected,0.6.2,"1,946",18,0,0.00
highlight-selected,0.6.3,312,3,0,0.00
highlight-selected,0.7.0,"7,430",49,0,0.00
highlight-selected,0.9.2,74,2,0,0.00
highlight-selected,0.9.3,73,9,0,0.00
highlight-selected,unknown,47,10,0,0.00
hip-light-ui-theme,1.1.1,10,4,0,0.00
hipster-ipsum,0.1.0,109,20,0,0.00
Hive,0.1.0,1,1,0,0.00
html-entities,0.2.0,14,4,0,0.00
html-entities,0.4.0,2,1,0,0.00
html-helper,0.2.3,"6,876",316,0,0.00
html-img,0.3.2,"4,168",210,0,0.00
html-include-resource,1.1.0,4,4,0,0.00
html-nested-comments,3.0.0,4,4,0,0.00
html-tab,1.0.1,12,12,0,0.00
html2haml,0.10.0,10,3,0,0.00
html2haml,0.3.0,12,3,0,0.00
html2haml,0.6.0,139,15,0,0.00
html2haml,0.8.0,6,3,0,0.00
html2jade,0.7.0,134,28,0,0.00
htmlhint,0.3.1,11,2,0,0.00
htmlhint,0.4.0,359,16,0,0.00
htmlhint,1.0.2,48,12,0,0.00
htmlhint,1.1.2,48,2,0,0.00
htmlhint,unknown,3,1,0,0.00
http-post,0.10.0,4,1,0,0.00
http-status-codes,1.0.2,43,2,0,0.00
Hulk,0.0.0,4,1,0,0.00
hydrogen,0.0.1,136,1,0,0.00
hydrogen,0.1.1,46,2,0,0.00
hydrogen,0.1.2,3,1,0,0.00
hydrogen,unknown,181,9,0,0.00
ice-cold-syntax,0.1.0,14,6,0,0.00
ice-cold-syntax-modified,0.1.0,2,1,0,0.00
iceberg,0.0.0,4,1,0,0.00
icon-font-picker,0.0.1,110,18,0,0.00
ide-flow,0.2.0,4,1,0,0.00
ide-flow,0.6.0,584,81,0,0.00
ide-haskell,0.3.0,54,3,0,0.00
ide-haskell,0.3.6,4,4,0,0.00
ide-haskell,0.4.0,71,42,0,0.00
ide-haskell,unknown,5,1,0,0.00
idledark,0.2.0,14,3,0,0.00
idlefingers,0.2.0,22,2,0,0.00
iex,0.9.3,2,1,0,0.00
iex,0.9.4,16,4,0,0.00
ignition-ui,0.1.0,4,2,0,0.00
image-copipe,0.2.1,1,1,0,0.00
img-placeholder,0.2.0,11,2,0,0.00
imperator-day-syntax,0.0.0,8,1,0,0.00
import,1.2.0,13,4,0,0.00
inc-dec-value,0.0.6,2,2,0,0.00
incompatible-packages,0.19.0,1,1,0,0.00
increment-number,0.1.0,10,3,0,0.00
increment-selection,0.2.1,3,3,0,0.00
incremental-search,4.3.0,589,40,0,0.00
indent-guide-ext,0.1.0,13,5,0,0.00
indent-guide-improved,1.0.0,"1,042",5,0,0.00
indent-guide-improved,1.1.1,"44,103",175,0,0.00
indent-guide-improved,1.2.0,"2,753",12,0,0.00
indent-helper,0.1.1,17,9,0,0.00
indent-toggle-on-paste,0.1.1,1,1,0,0.00
indentation-indicator,0.3.0,3,1,0,0.00
indentation-indicator,0.5.1,2,1,0,0.00
indentation-jumper,0.1.1,520,10,0,0.00
indico-syntax,0.4.0,18,6,0,0.00
indico-ui,0.3.0,12,4,0,0.00
infinity-dark-ui,0.2.2,20,2,0,0.00
init-script,unknown,"11,612",402,0,0.00
inline-autocomplete,0.3.3,84,2,0,0.00
inline-autocomplete,1.0.4,213,28,0,0.00
ionic-atom,0.3.1,"2,326",91,0,0.00
ionic-framework-snippets,1.1.0,7,7,0,0.00
ionic-preview,0.3.1,22,2,0,0.00
ios,0.1.0,1,1,0,0.00
iplastic-syntax,0.4.1,8,1,0,0.00
ipynb,0.1.0,43,3,0,0.00
ir-black-syntax,0.2.0,15,6,0,0.00
irc,0.4.0,45,7,0,0.00
IsotopeUI,0.1.1,2,1,0,0.00
itg-dark-syntax,0.3.0,220,32,0,0.00
itg-dark-ui,0.2.0,4,1,0,0.00
itg-flat-dark,0.1.1,103,17,0,0.00
itg-light-syntax,0.4.0,16,1,0,0.00
itg-light-ui,0.1.0,16,4,0,0.00
itunes,unknown,"1,003",43,0,0.00
iTunes,0.2.0,2,1,0,0.00
jack-n-coke,0.4.0,3,3,0,0.00
japanese-zen-han-convert,0.3.0,23,16,0,0.00
jasmine-runner,0.1.3,2,1,0,0.00
javascript-snippets,0.3.1,7,1,0,0.00
jekyll,0.4.3,52,17,0,0.00
jekyll-new-post,0.1.2,52,8,0,0.00
jekyll-snippets,0.1.2,25,4,0,0.00
jellybeans,0.2.0,4,1,0,0.00
jellybeans-syntax,0.3.0,22,5,0,0.00
jenkins,0.3.1,132,2,0,0.00
jenkins,0.3.2,4,1,0,0.00
jenkins-dashboard,0.2.0,282,13,0,0.00
jibo,0.0.3,2,2,0,0.00
joey,unknown,4,1,0,0.00
josh-mosh-atom-syntax-2.0.0,2.0.0,8,2,0,0.00
jquery-snippets,1.0.0,21,9,0,0.00
js-refactor,0.3.0,792,82,0,0.00
js2coffee,0.15.0,2,1,0,0.00
jscrambler,0.2.6,8,2,0,0.00
jsdoc,0.6.1,59,1,0,0.00
jsdoc,0.7.0,89,6,0,0.00
jsdoc,0.9.0,"4,133",375,0,0.00
jsformat,0.7.0,1,1,0,0.00
jsformat,0.7.10,117,12,0,0.00
jsformat,0.7.18,19,8,0,0.00
jsformat,0.7.9,8,2,0,0.00
jsformat,0.8.0,931,58,0,0.00
jsformat,0.8.1,6,2,0,0.00
jshint,0.3.4,178,1,0,0.00
jshint,0.7.2,568,3,0,0.00
jshint,1.0.1,15,1,0,0.00
jshint,1.1.0,"1,737",9,0,0.00
jshint,1.1.1,652,6,0,0.00
jshint,1.1.2,"3,235",19,0,0.00
jshint,1.1.3,"14,390",57,0,0.00
jshint,1.1.4,"5,168",15,0,0.00
jshint,1.1.5,"2,450",9,0,0.00
jshint,1.2.0,"49,653",207,0,0.00
jshint,1.3.0,"30,421",266,0,0.00
jshint,1.3.1,382,31,0,0.00
jshint,1.3.3,"2,725",181,0,0.00
jshint,1.3.4,182,21,0,0.00
jshint,1.3.6,"3,124",49,0,0.00
jshint,unknown,363,7,0,0.00
jslint,0.10.1,2,1,0,0.00
jslint,0.10.2,17,2,0,0.00
jslint,0.9.0,4,1,0,0.00
jslint,0.9.1,354,5,0,0.00
jslint,1.2.0,31,7,0,0.00
jslint,1.2.1,43,8,0,0.00
jslint,1.3.0,77,3,0,0.00
jslint,1.3.2,18,3,0,0.00
jslint,1.3.3,6,1,0,0.00
jslint,unknown,8,1,0,0.00
jsonlint,0.3.1,1,1,0,0.00
jsonlint,0.4.0,"2,119",41,0,0.00
jsonlint,1.0.1,307,34,0,0.00
jsonlint,1.0.2,523,65,0,0.00
jsonlint,1.1.1,617,17,0,0.00
jsonlint,unknown,5,3,0,0.00
jsonpp,0.0.4,1,1,0,0.00
jsonpp,0.0.6,204,16,0,0.00
jsonpp,unknown,7,1,0,0.00
juicebox-syntax,1.0.4,2,1,0,0.00
juicebox-syntax,1.0.6,10,4,0,0.00
kasper-syntax,0.0.0,4,1,0,0.00
key-peek,0.2.5,3,1,0,0.00
keybinding-resolver,0.25.0,1,1,0,0.00
keyboard-localization,1.1.6,310,2,0,0.00
keyboard-localization,1.1.7,166,10,0,0.00
keycodes,0.1.2,18,6,0,0.00
kimbie-light,100.0.1,28,9,0,0.00
kinetic,0.2.5,25,2,0,0.00
koala,0.6.0,819,27,0,0.00
kobalt,0.4.3,134,45,0,0.00
kobalt-0.4.1,0.4.1,8,2,0,0.00
kobalt-ui,0.2.1,33,13,0,0.00
kuali-dark-ui,1.0.0,13,6,0,0.00
kuroir,0.5.1,16,5,0,0.00
lambda-syntax,0.2.0,20,3,0,0.00
lambda-ui,0.3.1,20,3,0,0.00
language-abap,0.3.0,2,2,0,0.00
language-actionscript3,0.2.0,7,7,0,0.00
language-ada,1.1.0,1,1,0,0.00
language-aspx,0.2.0,1,1,0,0.00
language-autohotkey,0.1.0,12,3,0,0.00
language-autoit,0.2.1,1,1,0,0.00
language-cjsx,0.2.0,5,5,0,0.00
language-coffee-script-angular,2.2.0,5,5,0,0.00
language-csharp,0.3.0,9,5,0,0.00
language-css-plus,0.3.0,1,1,0,0.00
language-dart,0.1.1,5,4,0,0.00
language-django,0.1.1,20,20,0,0.00
language-dockerfile,0.1.0,5,5,0,0.00
language-drupal,0.2.0,2,2,0,0.00
language-ember-script,0.1.0,2,2,0,0.00
language-emberscript,0.1.0,1,1,0,0.00
language-emblem,0.1.0,3,3,0,0.00
language-erlang,2.0.0,15,15,0,0.00
language-flex,0.2.0,1,1,0,0.00
language-freemarker,0.2.0,1,1,0,0.00
language-gherkin-german,0.5.2,1,1,0,0.00
language-gmod-lua,0.3.0,1,1,0,0.00
language-groovy,0.3.0,1,1,0,0.00
language-groovy-cloned-from-java,0.2.0,2,2,0,0.00
language-haml,0.15.0,3,3,0,0.00
language-haml,0.17.0,1,1,0,0.00
language-harbour,1.24.1,4,1,0,0.00
language-haskell,1.0.0,75,75,0,0.00
language-haxe,0.2.1,10,10,0,0.00
language-hn,0.2.43,19,2,0,0.00
language-html-swig,1.4.0,5,5,0,0.00
language-html5-subtlegradient,0.1.0,6,3,0,0.00
language-idris,0.0.1,473,5,0,0.00
language-ini,1.3.0,1,1,0,0.00
language-ino,0.1.0,1,1,0,0.00
language-ipynb,1.3.0,4,4,0,0.00
language-jade,0.3.0,2,2,0,0.00
language-javascript-semantic,0.1.0,"1,091",77,0,0.00
language-javascript-subtlegradient,0.1.0,4,4,0,0.00
language-js-specs,0.1.0,81,4,0,0.00
language-jsoniq,1.3.0,92,3,0,0.00
language-jsx,0.1.4,156,71,0,0.00
language-latte,0.2.1,1,1,0,0.00
language-lisp,0.1.1,16,15,0,0.00
language-livescript,0.0.2,2,2,0,0.00
language-lsl,2.0.1,1,1,0,0.00
language-lua,0.9.0,1,1,0,0.00
language-m68k,0.1.0,1,1,0,0.00
language-mason,2.0.1,1,1,0,0.00
language-matlab,0.1.0,24,20,0,0.00
language-mel,0.1.0,2,1,0,0.00
language-meta-script,0.0.2,8,1,0,0.00
language-nimrod,0.1.0,2,2,0,0.00
language-nunjucks,1.3.0,2,2,0,0.00
language-ocaml,1.1.0,1,1,0,0.00
language-oz,0.1.0,1,1,0,0.00
language-perl-template-toolkit,0.1.0,2,2,0,0.00
language-pillar,0.2.2,1,1,0,0.00
language-pony,0.3.5,6,3,0,0.00
language-python-django-templates,0.1.0,17,17,0,0.00
language-qlikview,0.0.0,6,1,0,0.00
language-qml,0.1.0,7,7,0,0.00
language-rdf,0.1.1,2,1,0,0.00
language-rspec,0.1.3,2,2,0,0.00
language-rspec,0.2.1,126,7,0,0.00
language-rspec,0.3.0,10,2,0,0.00
language-rust,0.2.8,2,1,0,0.00
language-rust,0.3.5,3,2,0,0.00
language-rust,0.4.2,1,1,0,0.00
language-scala,1.1.0,58,58,0,0.00
language-soy,0.1.2,4,1,0,0.00
language-sqf,0.1.0,2,2,0,0.00
language-sql-mysql,0.3.1,9,9,0,0.00
language-stata,0.1.0,2,2,0,0.00
language-stylus,0.1.0,2,2,0,0.00
language-swig,0.1.0,3,3,0,0.00
language-tcl,0.1.0,9,9,0,0.00
language-twig,1.6.0,17,17,0,0.00
language-typescript,0.15.0,11,11,0,0.00
language-vala,0.1.0,2,2,0,0.00
language-vbscript,0.4.0,27,9,0,0.00
language-velocity,0.1.0,2,2,0,0.00
language-vhdl,0.7.0,10,10,0,0.00
language-yate,0.1.0,2,2,0,0.00
laravel-facades,1.0.0,918,26,0,0.00
laravel-theme,0.3.0,59,13,0,0.00
last-cursor-position,0.8.0,1,1,0,0.00
last-tab,0.1.2,23,5,0,0.00
latex,0.14.0,40,2,0,0.00
latex,0.16.0,3,1,0,0.00
layout-manager,0.2.3,380,11,0,0.00
lcov-info,0.9.2,"1,425",7,0,0.00
ledger,0.3.1,8,2,0,0.00
lemon,1.0.0,6,2,0,0.00
less-autocompile,0.3.3,"3,419",71,0,0.00
less-autocompile,1.0.0,19,2,0,0.00
less-compiler,0.6.0,185,4,0,0.00
less-than-slash,0.1.0,1,1,0,0.00
less-than-slash,0.2.0,12,3,0,0.00
less-than-slash,0.3.4,15,4,0,0.00
less-than-slash,0.4.1,64,8,0,0.00
less-than-slash,0.4.2,124,16,0,0.00
lesscompile,0.5.0,2,2,0,0.00
letter-spacing,0.2.0,24,2,0,0.00
lieju-syntax,0.2.2,82,13,0,0.00
lifted-dark-ui,0.31.0,26,6,0,0.00
light-matter-ui,0.1.0,68,12,0,0.00
line-count,0.2.0,27,4,0,0.00
line-diff-details,1.0.0,212,7,0,0.00
line-jumper,0.13.0,"5,247",128,0,0.00
linter,0.10.0,"24,468",111,0,0.00
linter,0.10.1,"4,833",37,0,0.00
linter,0.11.0,497,2,0,0.00
linter,0.11.1,"11,484",77,0,0.00
linter,0.12.0,169,14,0,0.00
linter,0.12.1,369,11,0,0.00
linter,0.12.2,"4,078",122,0,0.00
linter,0.4.10,510,4,0,0.00
linter,0.4.11,"8,314",36,0,0.00
linter,0.5.11,25,1,0,0.00
linter,0.5.12,169,1,0,0.00
linter,0.5.14,"1,656",14,0,0.00
linter,0.5.16,36,3,0,0.00
linter,0.5.18,477,2,0,0.00
linter,0.5.3,"3,566",21,0,0.00
linter,0.6.0,451,1,0,0.00
linter,0.6.1,"1,190",8,0,0.00
linter,0.7.0,151,3,0,0.00
linter,0.7.1,"1,339",6,0,0.00
linter,0.7.2,31,2,0,0.00
linter,0.7.3,"19,001",136,0,0.00
linter,0.7.4,"2,588",23,0,0.00
linter,0.8.0,"10,299",59,0,0.00
linter,0.9.0,"9,085",116,0,0.00
linter,0.9.1,"7,720",39,0,0.00
linter,unknown,259,29,0,0.00
linter-ansible-lint,0.0.7,8,8,0,0.00
linter-bootlint,0.0.3,8,3,0,0.00
linter-bootlint,0.0.5,39,20,0,0.00
linter-chktex,0.1.2,2,1,0,0.00
linter-chktex,0.2.0,144,37,0,0.00
linter-clang,2.25.1,137,65,0,0.00
linter-clay-coffeelint,0.3.6,2,1,0,0.00
linter-clojure,0.0.4,115,19,0,0.00
linter-cobc,0.0.1,12,5,0,0.00
linter-coffeelint,0.1.7,8,2,0,0.00
linter-coffeelint,0.2.0,12,3,0,0.00
linter-coffeelint,0.2.3,33,33,0,0.00
linter-coffeescript,0.1.1,18,14,0,0.00
linter-csslint,0.0.11,724,93,0,0.00
linter-csslint,0.0.12,"2,944",673,0,0.00
linter-csslint,unknown,3,1,0,0.00
linter-dartanalyzer,0.3.1,11,3,0,0.00
linter-elixirc,0.2.1,264,46,0,0.00
linter-erb,0.1.0,604,37,0,0.00
linter-erb,0.1.1,68,31,0,0.00
linter-erb,unknown,16,1,0,0.00
linter-erlc,0.2.0,5,3,0,0.00
linter-eslint,0.4.1,8,5,0,0.00
linter-eslint,0.5.0,96,14,0,0.00
linter-eslint,0.5.6,7,2,0,0.00
linter-eslint,unknown,7,1,0,0.00
linter-flake8,1.3.0,637,18,0,0.00
linter-flake8,1.4.0,"12,727",367,0,0.00
linter-flake8,unknown,18,2,0,0.00
linter-flexpmd,0.1.9,286,17,0,0.00
linter-flog,0.0.1,3,1,0,0.00
linter-flow,0.1.4,"2,361",117,0,0.00
linter-foodcritic,0.3.7,107,23,0,0.00
linter-gjslint,0.0.3,121,16,0,0.00
linter-gjslint,0.0.4,200,19,0,0.00
linter-glua,0.1.3,12,1,0,0.00
linter-golint,0.2.0,218,40,0,0.00
linter-haml,0.1.1,105,18,0,0.00
linter-hlint,0.3.1,2,1,0,0.00
linter-hlint,0.3.4,20,10,0,0.00
linter-hlint,0.3.5,20,20,0,0.00
linter-htmlhint,0.0.12,197,12,0,0.00
linter-htmlhint,0.0.13,332,59,0,0.00
linter-htmlhint,0.0.15,"3,252",719,0,0.00
linter-htmlhint,0.0.8,97,14,0,0.00
linter-htmlhint,unknown,3,1,0,0.00
linter-javac,0.1.3,585,119,0,0.00
linter-js-standard,0.2.5,1,1,0,0.00
linter-js-yaml,1.0.0,275,35,0,0.00
linter-js-yaml,1.0.1,60,47,0,0.00
linter-jscs,1.10.0,2,2,0,0.00
linter-jscs,1.11.0,8,3,0,0.00
linter-jscs,1.4.9,22,5,0,0.00
linter-jscs,1.7.0,574,10,0,0.00
linter-jscs,1.9.0,696,26,0,0.00
linter-jshint,0.1.0,"2,285",244,0,0.00
linter-jshint,0.1.1,426,48,0,0.00
linter-jshint,0.1.2,"3,521",489,0,0.00
linter-jshint,0.1.4,502,238,0,0.00
linter-jshint,unknown,72,18,0,0.00
linter-jsl,0.0.1,12,12,0,0.00
linter-jsonlint,0.1.2,106,17,0,0.00
linter-jsonlint,0.1.3,"1,677",297,0,0.00
linter-jsxhint,0.1.0,7,1,0,0.00
linter-jsxhint,0.1.1,"1,048",193,0,0.00
linter-less,0.3.1,4,2,0,0.00
linter-less,0.4.0,21,21,0,0.00
linter-lintr,0.0.1,4,4,0,0.00
linter-lsc,1.1.2,85,10,0,0.00
linter-lua,0.1.5,"1,109",144,0,0.00
linter-luacheck,0.3.3,6,1,0,0.00
linter-luacheck,0.4.0,409,17,0,0.00
linter-mcs,0.2.0,116,4,0,0.00
linter-pep257,0.2.0,626,18,0,0.00
linter-pep8,0.1.0,"5,332",273,0,0.00
linter-perl,0.4.1,17,1,0,0.00
linter-perl,0.4.2,281,12,0,0.00
linter-perl,0.5.0,18,13,0,0.00
linter-perl,unknown,5,1,0,0.00
linter-php,0.0.11,433,68,0,0.00
linter-php,0.0.12,"18,232","1,857",0,0.00
linter-php,unknown,26,3,0,0.00
linter-phpcs,0.0.12,403,14,0,0.00
linter-phpcs,0.0.14,"9,127",305,0,0.00
linter-phpcs,unknown,4,1,0,0.00
linter-phplint,0.0.7,5,5,0,0.00
linter-phpmd,0.0.10,"4,208",164,0,0.00
linter-puppet,0.1.0,97,21,0,0.00
linter-puppet-lint,0.2.8,105,16,0,0.00
linter-puppet-lint,0.2.9,9,9,0,0.00
linter-puppet-parse,0.5.0,36,4,0,0.00
linter-pyflakes,0.0.4,14,11,0,0.00
linter-pylama,0.0.17,2,2,0,0.00
linter-pylint,0.2.0,19,2,0,0.00
linter-pylint,0.2.1,"4,348",333,0,0.00
linter-python-pep8,0.2.0,846,123,0,0.00
linter-python-pyflakes,0.1.0,573,57,0,0.00
linter-reek,1.1.1,103,11,0,0.00
linter-reek,1.1.4,196,20,0,0.00
linter-rst,0.0.3,1,1,0,0.00
linter-rubocop,0.2.1,39,10,0,0.00
linter-rubocop,0.2.2,545,63,0,0.00
linter-rubocop,0.2.3,"6,213",604,0,0.00
linter-rubocop,0.2.4,637,83,0,0.00
linter-rubocop,unknown,15,5,0,0.00
linter-ruby,0.1.4,"4,818",540,0,0.00
linter-ruby,0.1.5,502,182,0,0.00
linter-ruby,unknown,6,1,0,0.00
linter-scalac,0.3.3,741,85,0,0.00
linter-scspell,1.1.1,415,39,0,0.00
linter-scss-lint,0.0.11,8,2,0,0.00
linter-scss-lint,0.0.14,"5,080",524,0,0.00
linter-shellcheck,0.0.6,1,1,0,0.00
linter-shellcheck,0.0.7,"1,151",169,0,0.00
linter-slim,0.5.1,1,1,0,0.00
linter-swiftc,1.0.0,2,2,0,0.00
linter-tidy,0.0.1,5,2,0,0.00
linter-tidy,1.0.0,728,67,0,0.00
linter-tidy,1.0.1,38,35,0,0.00
linter-tslint,0.2.1,64,31,0,0.00
linter-write-good,0.2.2,110,15,0,0.00
linter-write-good,0.4.3,4,3,0,0.00
linter-xmllint,0.0.5,477,91,0,0.00
live-archive,0.1.13,11,4,0,0.00
live-editor-reload,0.1.0,169,5,0,0.00
livereload,0.2.0,382,36,0,0.00
livescript-compile,0.1.1,36,4,0,0.00
lldb-debugger,0.0.0,36,4,0,0.00
local-history,1.0.4,12,1,0,0.00
local-history,1.1.0,108,3,0,0.00
local-history,2.0.0,377,15,0,0.00
local-history,2.2.2,30,11,0,0.00
local-history,2.3.0,430,41,0,0.00
local-history,3.1.0,804,327,0,0.00
local-history,unknown,3,3,0,0.00
local-server,0.1.0,58,16,0,0.00
local-server-express,0.2.2,17,3,0,0.00
local-settings,0.3.0,5,1,0,0.00
localization,1.16.1,"4,426",392,0,0.00
lodash-snippets,1.1.1,1,1,0,0.00
log-console,0.1.2,253,12,0,0.00
lorem-ipsum,0.4.0,194,43,0,0.00
lsc-preview,0.2.0,16,2,0,0.00
lunarized-syntax,0.3.0,2,1,0,0.00
mac-os-ui,0.3.0,36,12,0,0.00
Magento-Snippets,1.2.3,2,1,0,0.00
magic-search-atom,1.4.4,12,1,0,0.00
make-runner,1.1.2,74,4,0,0.00
make-runner,1.1.5,1,1,0,0.00
man,0.4.0,25,3,0,0.00
mango,unknown,44,5,0,0.00
mark,1.2.0,2,1,0,0.00
mark-ring,3.0.0,34,8,0,0.00
markdown-format,2.2.0,66,5,0,0.00
markdown-format,2.4.1,5,3,0,0.00
markdown-format,2.5.0,611,100,0,0.00
markdown-format,2.5.1,162,16,0,0.00
markdown-format,unknown,3,2,0,0.00
markdown-helpers,0.2.2,142,17,0,0.00
markdown-pdf,1.3.5,389,116,0,0.00
markdown-preview,0.104.0,7,1,0,0.00
markdown-preview,0.109.0,6,2,0,0.00
markdown-preview,0.116.0,2,1,0,0.00
markdown-preview-pandoc,0.0.12,446,7,0,0.00
markdown-stream,0.6.0,"3,173",118,0,0.00
markdown-toc,0.2.1,34,19,0,0.00
markdown-writer,0.10.0,615,8,0,0.00
markdown-writer,1.3.0,6,2,0,0.00
marked,0.1.4,27,2,0,0.00
marked,0.1.7,69,20,0,0.00
material-design-syntax,1.6.0,221,39,0,0.00
math-selection,0.1.1,2,1,0,0.00
mavensmate-atom,unknown,"1,126",88,0,0.00
MavensMate-Atom,0.0.20,70,19,0,0.00
max-tabs,0.3.0,"2,079",35,0,0.00
maya,unknown,649,9,0,0.00
Maya,0.9.0,2,1,0,0.00
maybs-quit,1.2.0,6,1,0,0.00
mbo,0.4.0,54,6,0,0.00
mechanical-keyboard,0.1.0,26,5,0,0.00
mellow-contrast-syntax,1.2.1,68,4,0,0.00
merge-conflicts,1.3.1,23,7,0,0.00
meteor-api,2.12.0,11,3,0,0.00
meteor-helper,0.24.0,36,3,0,0.00
meteor-snippets,0.2.0,49,49,0,0.00
metro-dark-ui,0.0.0,2,1,0,0.00
metro-syntax,0.2.0,40,11,0,0.00
metro-ui,1.0.0,65,18,0,0.00
minifier,0.1.3,20,5,0,0.00
minifier,0.2.0,"6,801",261,0,0.00
minimap,1.3.0,3,1,0,0.00
minimap,1.4.0,1,1,0,0.00
minimap,2.3.2,8,1,0,0.00
minimap,2.3.3,22,1,0,0.00
minimap,3.3.0,40,4,0,0.00
minimap,3.3.1,9,1,0,0.00
minimap,3.3.10,81,3,0,0.00
minimap,3.3.13,748,14,0,0.00
minimap,3.3.14,654,13,0,0.00
minimap,3.3.15,10,1,0,0.00
minimap,3.3.18,225,4,0,0.00
minimap,3.3.3,239,8,0,0.00
minimap,3.3.4,334,8,0,0.00
minimap,3.3.6,183,11,0,0.00
minimap,3.3.7,230,11,0,0.00
minimap,3.3.8,100,4,0,0.00
minimap,3.4.5,62,5,0,0.00
minimap,3.4.7,214,24,0,0.00
minimap,3.4.9,373,73,0,0.00
minimap,3.5.0,20,10,0,0.00
minimap,3.5.2,8,4,0,0.00
minimap,3.5.3,4,2,0,0.00
minimap,3.5.4,256,37,0,0.00
minimap,3.5.5,25,8,0,0.00
minimap,3.5.6,459,119,0,0.00
minimap,4.8.0,307,42,0,0.00
minimap,4.9.0,1,1,0,0.00
minimap,unknown,196,21,0,0.00
minimap-color-highlight,3.1.0,6,2,0,0.00
minimap-color-highlight,4.0.0,14,3,0,0.00
minimap-color-highlight,4.1.0,216,33,0,0.00
minimap-color-highlight,4.1.3,836,325,0,0.00
minimap-color-highlight,unknown,44,5,0,0.00
minimap-find-and-replace,3.0.3,6,3,0,0.00
minimap-find-and-replace,3.1.0,8,5,0,0.00
minimap-find-and-replace,4.0.0,2,2,0,0.00
minimap-git-diff,3.0.11,1,1,0,0.00
minimap-git-diff,3.0.8,5,1,0,0.00
minimap-git-diff,3.1.0,5,4,0,0.00
minimap-git-diff,4.1.2,1,1,0,0.00
minimap-highlight-selected,3.0.0,6,1,0,0.00
minimap-highlight-selected,3.1.0,1,1,0,0.00
minimap-selection,3.1.1,3,1,0,0.00
mobile-preview,0.4.0,18,8,0,0.00
mocha,0.0.5,182,18,0,0.00
mocha-test-runner,0.4.1,10,3,0,0.00
mocha-ui,0.1.0,1,1,0,0.00
modified-seti-syntax,0.3.3,12,1,0,0.00
monochrome-ui,0.1.1,12,2,0,0.00
monokai,0.10.0,6,3,0,0.00
monokai,0.11.0,138,35,0,0.00
monokai,0.12.0,"1,675",473,0,0.00
monokai,0.7.0,338,103,0,0.00
monokai,0.8.0,173,55,0,0.00
monokai,0.9.0,427,120,0,0.00
monokai-0.7.0,0.7.0,8,3,0,0.00
monokai-0.9.0,0.9.0,2,1,0,0.00
Monokai-Black-and-White,0.1.1,6,3,0,0.00
monokai-dark-ui,0.0.0,6,2,0,0.00
monokai-e,1.0.0,24,4,0,0.00
monokai-e-ui,0.1.0,24,4,0,0.00
monokai-light,0.1.0,4,1,0,0.00
monokai-light,0.3.6,299,70,0,0.00
monokai-low-profile-syntax,0.1.1,68,13,0,0.00
monokai-master,0.12.0,2,1,0,0.00
monokai-seti,0.3.0,12,4,0,0.00
monokai-seti,0.4.0,54,21,0,0.00
monokai-seti,0.6.0,2,1,0,0.00
monokai-syntax-for-one-dark,0.2.1,12,3,0,0.00
monokai-tweaked-syntax,0.2.0,56,17,0,0.00
monokai-tweaked-ui,0.1.0,196,53,0,0.00
monokai-ubuntu,0.9.0,54,13,0,0.00
move-by-paragraph,1.0.0,21,1,0,0.00
move-by-paragraph,1.1.0,593,5,0,0.00
move-panes,0.1.2,26,3,0,0.00
mustang,0.1.0,32,8,0,0.00
muted,0.1.4,2,1,0,0.00
my,0.0.0,20,5,0,0.00
my-package-name,0.0.0,3,1,0,0.00
my-theme-syntax,0.0.0,2,1,0,0.00
navigate,0.0.10,104,3,0,0.00
navigate,0.1.5,27,2,0,0.00
navigate,0.1.6,13,6,0,0.00
nbsp-detect,0.0.1,42,5,0,0.00
nearly-solarized-syntax,0.0.0,10,3,0,0.00
nemodreaming-theme,0.2.0,22,1,0,0.00
neon-cursor,0.2.0,29,5,0,0.00
neon-syntax,0.2.1,2,1,0,0.00
neon-syntax,0.3.3,4,2,0,0.00
neon-syntax,0.3.4,4,2,0,0.00
nereskis-theme,0.6.3,26,4,0,0.00
neutron-syntax,0.6.1,2,1,0,0.00
neutron-syntax,0.6.2,605,97,0,0.00
neutron-ui,0.3.0,833,123,0,0.00
new-era-light-syntax,0.1.0,4,2,0,0.00
new-era-syntax,0.3.2,2,1,0,0.00
new-era-syntax,0.7.2,52,14,0,0.00
new-file-plus,0.1.3,16,1,0,0.00
new-file-plus,0.2.0,16,6,0,0.00
newton-dark-syntax,1.0.4,6,3,0,0.00
newton-dark-syntax,1.1.1,120,21,0,0.00
newton-dark-ui,1.0.4,60,18,0,0.00
next-dark,0.2.0,16,7,0,0.00
next-dark-ui,0.4.0,40,11,0,0.00
next-occurrence,0.3.0,1,1,0,0.00
next-scribe,0.1.0,7,3,0,0.00
nexus-syntax,0.1.0,26,3,0,0.00
ng-classify-preview,0.2.1,6,3,0,0.00
night-snilek-syntax,0.3.0,2,1,0,0.00
nil-ui,0.1.0,32,10,0,0.00
no-caffeine-syntax,0.6.0,18,7,0,0.00
no-caffeine-syntax,0.7.0,4,1,0,0.00
no-caffeine-syntax,0.9.0,26,7,0,0.00
node-debugger,0.2.3,"3,472",80,0,0.00
node-resolver,1.0.1,378,23,0,0.00
noj-syntax,0.1.0,2,1,0,0.00
noj-syntax,0.3.0,2,1,0,0.00
notebook,0.4.0,53,8,0,0.00
npm-autocomplete,0.1.2,897,45,0,0.00
npm-docs,0.2.0,71,8,0,0.00
npm-install,2.0.0,70,8,0,0.00
nrepl,0.0.6,75,11,0,0.00
nuance-dark-syntax,0.2.0,24,5,0,0.00
nuance-dark-ui,0.27.0,16,5,0,0.00
nucleus,0.3.0,499,3,0,0.00
numbers-on-a-pane,0.1.0,8,1,0,0.00
nvim-mode,0.10.1,4,1,0,0.00
Obfuscate,0.2.0,2,1,0,0.00
objc-2-rubymotion,0.4.0,1,1,0,0.00
obsidian,1.0.0,20,2,0,0.00
obsidian-syntax,0.1.0,30,8,0,0.00
Ocamltop-HTML,0.6.0,3,1,0,0.00
oceanic-theme,0.1.2,38,9,0,0.00
oceans16-atom,16.0.2,32,7,0,0.00
oceans16-atomui,5.2.0,17,3,0,0.00
oceans16-syntax,11.0.0,26,7,0,0.00
oceans16-syntax,14.0.1,10,3,0,0.00
octopress-latest-post,0.1.0,2,1,0,0.00
oddfellows-dark-ui,0.3.0,4,1,0,0.00
oddfellows-light-syntax,0.1.0,4,1,0,0.00
oddfellows-light-ui,0.2.0,2,1,0,0.00
ogg-preview,0.2.0,20,13,0,0.00
old-school-theme,0.0.1,8,1,0,0.00
omni-ruler,0.3.1,"8,755",107,0,0.00
omnisharp-atom,0.1.6,739,37,0,0.00
omnisharp-atom,0.2.1,"1,488",77,0,0.00
omnisharp-atom,0.3.0,19,6,0,0.00
omnisharp-atom,0.4.0,3,2,0,0.00
omnisharp-atom,0.4.1,18,8,0,0.00
omnisharp-atom,0.4.28,12,2,0,0.00
omnisharp-atom,0.4.29,48,8,0,0.00
omnisharp-atom,0.4.3,1,1,0,0.00
omnisharp-atom,0.4.33,29,7,0,0.00
omnisharp-atom,0.4.4,2,1,0,0.00
omnisharp-atom,0.4.8,36,21,0,0.00
omnisharp-atom,0.4.9,61,26,0,0.00
one-dark-syntax,0.2.0,6,1,0,0.00
open-emacs,0.1.2,2,2,0,0.00
open-git-modified-files,0.1.0,12,4,0,0.00
open-in,3.1.0,96,7,0,0.00
open-in-atom,0.1.8,7,6,0,0.00
open-in-browser,0.4.2,8,3,0,0.00
open-in-browser,0.4.3,13,2,0,0.00
open-in-github-app,0.2.2,39,24,0,0.00
open-in-gitx,0.1.1,4,2,0,0.00
open-in-sourcetree,0.1.2,28,8,0,0.00
open-last-project,0.1.1,223,8,0,0.00
open-last-project,0.3.1,25,1,0,0.00
open-last-project,0.3.4,"4,808",99,0,0.00
open-last-project,0.3.5,"8,302",136,0,0.00
open-last-project,0.4.1,234,8,0,0.00
open-last-project,unknown,22,9,0,0.00
open-plus,0.3.2,277,10,0,0.00
open-project-in-tower,1.1.0,9,2,0,0.00
open-recent,1.0.0,235,3,0,0.00
open-recent,2.0.0,323,5,0,0.00
open-recent,2.2.0,"3,297",100,0,0.00
open-sesame,0.3.0,14,1,0,0.00
open-terminal-here,0.2.0,12,2,0,0.00
open-terminal-here,0.5.0,350,41,0,0.00
open-vim,0.2.1,3,3,0,0.00
opentype-feature-bundle,0.2.2,1,1,0,0.00
org,0.2.5,68,12,0,0.00
outdoor-theme,0.4.0,74,16,0,0.00
outlander-syntax,0.3.0,6,3,0,0.00
outlander-syntax,0.5.0,4,1,0,0.00
outlander-syntax,1.0.1,18,8,0,0.00
outlander-ui,0.2.3,6,1,0,0.00
outlander-ui,0.3.1,4,1,0,0.00
outlander-ui,1.0.1,18,8,0,0.00
overflow,1.1.1,9,1,0,0.00
overrides,0.10.0,100,14,0,0.00
package-cop,0.2.5,247,28,0,0.00
package-dependencies,0.1.2,1,1,0,0.00
package-list,0.1.1,143,13,0,0.00
package-list-downloader,0.2.1,86,2,0,0.00
package-manager-commands,2.0.1,24,4,0,0.00
pain-split,1.1.2,15,1,0,0.00
pain-split,unknown,3,1,0,0.00
pair-programming,0.7.0,10,4,0,0.00
pandoc,0.1.3,115,15,0,0.00
pane-manager,0.1.3,2,1,0,0.00
panic-palette,0.1.0,156,24,0,0.00
paraiso-dark,1.0.2,12,4,0,0.00
paraiso-dark-tuned,2.0.4,6,3,0,0.00
parcel,0.0.3,16,5,0,0.00
paredit,1.0.0,63,9,0,0.00
party-hard,0.3.3,20,5,0,0.00
Pastel,0.2.1,12,1,0,0.00
pastel-dark-theme,0.1.2,38,8,0,0.00
path,0.4.1,46,4,0,0.00
pdf-view,0.12.0,5,1,0,0.00
pdf-view,0.22.0,5,5,0,0.00
peacock-syntax,1.3.0,18,7,0,0.00
pen-paper-coffee-syntax,0.3.1,20,6,0,0.00
pen-paper-coffee-syntax,0.3.4,2,1,0,0.00
pen-paper-coffee-syntax,0.4.1,2,1,0,0.00
pep8,0.2.0,"1,706",51,0,0.00
pepper-autocomplete,0.6.0,"1,220",61,0,0.00
perltidy,2.0.0,35,17,0,0.00
permute,0.1.0,"1,715",39,0,0.00
php-checkstyle,0.12.0,238,6,0,0.00
php-checkstyle,0.15.0,"3,268",44,0,0.00
php-checkstyle,0.5.0,15,2,0,0.00
php-documentation-online,0.2.1,36,7,0,0.00
php-getters-setters,0.3.0,"1,776",90,0,0.00
php-server,0.3.0,29,6,0,0.00
php-server,0.4.0,83,27,0,0.00
php-twig,3.0.0,59,57,0,0.00
phpunit,1.0.6,153,3,0,0.00
phpunit,1.0.9,35,18,0,0.00
pipe,0.3.2,64,8,0,0.00
plastik-syntax,0.3.2,18,8,0,0.00
playlist,0.1.7,136,15,0,0.00
polar-bear-syntax,0.0.0,2,1,0,0.00
policeman,0.0.2,"1,124",24,0,0.00
policeman-rubocop,0.0.3,221,17,0,0.00
polychrome-syntax,0.1.1,6,1,0,0.00
polychrome-ui,0.2.4,6,1,0,0.00
polychrome-ui-breezydark,0.3.1,14,7,0,0.00
polymer-snippets,1.1.2,6,6,0,0.00
polymorph-ui,0.2.0,12,4,0,0.00
pom,0.5.2,6,2,0,0.00
pomodoro,0.4.3,2,1,0,0.00
poxy,0.0.1,14,3,0,0.00
poxy-atom-dark-syntax,0.1.0,20,8,0,0.00
poxy-monokai,0.1.1,180,23,0,0.00
predawn-syntax,0.1.3,468,116,0,0.00
predawn-ui,0.3.7,2,1,0,0.00
predawn-ui,0.3.8,430,100,0,0.00
prefixr,0.2.0,"1,357",20,0,0.00
pretty-json,0.3.0,153,13,0,0.00
pretty-json,0.3.1,"1,271",58,0,0.00
pretty-json,0.3.2,76,15,0,0.00
pretty-json,0.3.3,123,12,0,0.00
pretty-json,unknown,10,1,0,0.00
preview,0.13.0,8,1,0,0.00
preview,0.13.7,79,2,0,0.00
preview,0.13.8,"1,081",7,0,0.00
preview,0.14.0,15,10,0,0.00
preview,0.8.2,7,1,0,0.00
preview,unknown,3,1,0,0.00
preview-plus,1.1.19,1,1,0,0.00
preview-plus,1.1.31,5,1,0,0.00
preview-plus,1.1.32,5,1,0,0.00
preview-plus,1.1.34,326,15,0,0.00
preview-plus,1.1.37,162,6,0,0.00
preview-plus,1.1.38,275,13,0,0.00
preview-plus,1.1.39,66,3,0,0.00
preview-plus,1.1.41,26,3,0,0.00
preview-tabs,0.1.6,"1,142",81,0,0.00
preview-tabs,unknown,4,1,0,0.00
processing-language,0.1.0,8,8,0,0.00
project-colorize,0.1.0,88,17,0,0.00
project-colorize,0.2.0,79,6,0,0.00
project-colorize,unknown,10,4,0,0.00
project-manager,1.0.0,395,7,0,0.00
project-manager,1.10.0,31,6,0,0.00
project-manager,1.10.1,303,16,0,0.00
project-manager,1.10.2,1,1,0,0.00
project-manager,1.11.0,23,2,0,0.00
project-manager,1.11.1,22,3,0,0.00
project-manager,1.14.0,9,2,0,0.00
project-manager,1.14.1,33,2,0,0.00
project-manager,1.15.5,"1,121",372,0,0.00
project-manager,1.3.1,800,14,0,0.00
project-manager,1.4.0,9,1,0,0.00
project-manager,1.7.2,1,1,0,0.00
project-manager,1.7.4,55,1,0,0.00
project-manager,1.7.6,16,3,0,0.00
project-manager,1.8.2,24,3,0,0.00
project-manager,1.9.0,12,2,0,0.00
project-manager,1.9.3,2,1,0,0.00
project-manager,unknown,79,13,0,0.00
project-palette-finder,2.4.17,281,1,0,0.00
project-quick-open,0.4.4,26,8,0,0.00
project-ring,0.18.5,27,1,0,0.00
project-ring,0.19.4,16,2,0,0.00
project-ring,0.19.5,23,1,0,0.00
project-ring,0.19.6,"3,424",134,0,0.00
project-runner,0.2.0,78,4,0,0.00
project-switcher,0.2.1,107,21,0,0.00
project-switcher2,0.3.1,20,2,0,0.00
proper-word-regexp,0.0.1,90,1,0,0.00
proton,0.11.0,24,9,0,0.00
proton,3.0.0,206,58,0,0.00
proton-framer,0.10.0,8,2,0,0.00
proton-kai,0.1.0,28,5,0,0.00
proton-light,0.2.0,78,20,0,0.00
proton-monokai,0.26.0,20,8,0,0.00
prova,0.0.0,4,1,0,0.00
psq-dark-theme-syntax,0.0.0,2,1,0,0.00
punchclock,0.5.0,4,2,0,0.00
python,0.5.1,715,37,0,0.00
python-coverage,0.2.0,"1,338",47,0,0.00
python-isort,0.0.5,44,5,0,0.00
python-isort,0.0.6,"10,109",218,0,0.00
python-yapf,0.6.0,1,1,0,0.00
quantum-syntax,0.1.1,2,1,0,0.00
quantum-syntax,0.2.1,12,5,0,0.00
quantum-syntax,0.3.0,228,45,0,0.00
quantum-ui,0.2.0,264,51,0,0.00
quick-highlight,0.1.5,164,15,0,0.00
quick-jump,0.0.4,287,30,0,0.00
quick-mark,0.2.1,2,2,0,0.00
quick-move-file,0.7.0,"1,410",70,0,0.00
QuickJumpPlus,0.1.4,2,1,0,0.00
QuickMenu,0.2.2,2,1,0,0.00
quickrun,0.2.0,26,2,0,0.00
quiet-light-atom,1.1.0,16,6,0,0.00
quippet,2.0.0,46,5,0,0.00
quotes,0.1.0,262,6,0,0.00
r-exec,0.1.0,438,17,0,0.00
radio-bright-syntax,3.2.1,2,1,0,0.00
radioactive-syntax,0.2.0,7,1,0,0.00
rails-navigation,0.1.1,70,13,0,0.00
rails-open-rspec,0.1.0,2,2,0,0.00
rails-partials,0.4.2,4,1,0,0.00
rails-rspec,0.3.1,43,35,0,0.00
rails-snippets,1.7.7,13,2,0,0.00
railscasts,0.2.2,6,3,0,0.00
railscasts-theme,1.4.0,102,25,0,0.00
rainy-night-syntax,0.3.2,22,5,0,0.00
raml,0.1.0,6,5,0,0.00
raml-labs,0.0.0,28,2,0,0.00
raptorize,0.3.0,1,1,0,0.00
rdio,unknown,632,47,0,0.00
Rdio,0.5.1,28,8,0,0.00
react,0.10.1,1,1,0,0.00
react,0.11.8,9,4,0,0.00
react,0.6.0,2,1,0,0.00
react,0.7.0,1,1,0,0.00
react,0.7.1,18,5,0,0.00
react,0.7.8,6,1,0,0.00
recent-files,0.3.0,"15,260",894,0,0.00
recent-projects,0.2.4,32,3,0,0.00
recent-projects,0.2.6,503,12,0,0.00
recent-projects,0.3.0,"1,661",155,0,0.00
recent-projects,unknown,9,1,0,0.00
redeye-ui,0.5.0,220,19,0,0.00
redui-jm-syntax,0.4.0,156,36,0,0.00
refactor,0.4.1,"39,758",826,0,0.00
regex-railroad-diagram,0.6.3,"2,867",33,0,0.00
regex-railroad-diagram,0.7.1,"19,034",113,0,0.00
regex-railroad-diagram,0.7.3,"1,133",6,0,0.00
regex-railroad-diagram,0.7.4,"1,058",65,0,0.00
regex-railroad-diagram,unknown,17,1,0,0.00
related-files,0.3.0,"1,139",44,0,0.00
relative-line-numbers,0.1.5,10,8,0,0.00
relative-numbers,0.2.0,"2,449",15,0,0.00
relution,0.0.0,1,1,0,0.00
remember-session,0.5.1,"5,584",424,0,0.00
remember-window,0.3.0,7,3,0,0.00
remote-atom,1.1.2,22,2,0,0.00
remote-atom,1.1.3,12,1,0,0.00
remote-atom,1.2.0,80,4,0,0.00
remote-atom,1.2.6,16,10,0,0.00
remote-atom,unknown,3,1,0,0.00
remote-edit,1.5.1,1,1,0,0.00
remote-edit,1.6.0,75,9,0,0.00
remote-edit,1.6.3,"1,114",18,0,0.00
remote-edit,1.6.4,159,3,0,0.00
remote-edit,1.7.2,38,4,0,0.00
remote-ftp,unknown,"68,831","1,533",0,0.00
Remote-FTP,0.6.2,800,146,0,0.00
remote-sync,2.1.0,2,1,0,0.00
remote-sync,2.1.3,110,4,0,0.00
remote-sync,2.2.0,17,2,0,0.00
remote-sync,2.2.1,16,1,0,0.00
remote-sync,2.3.1,896,28,0,0.00
remote-sync,2.4.0,"1,195",52,0,0.00
remote-sync,2.4.1,"23,979",746,0,0.00
remote-sync,unknown,35,1,0,0.00
remote-sync-master,2.4.0,53,2,0,0.00
Repl,0.2.0,26,3,0,0.00
repl-term,0.1.0,38,5,0,0.00
require,0.1.0,88,2,0,0.00
require-opener,1.2.0,37,2,0,0.00
resize-panes,0.1.0,52,16,0,0.00
rest-client,0.3.1,683,10,0,0.00
rest-client,0.3.3,"1,828",72,0,0.00
restore-windows,0.4.1,6,2,0,0.00
reverse-slashes,0.1.0,1,1,0,0.00
revert-buffer,0.4.0,15,1,0,0.00
revert-buffer,unknown,3,1,0,0.00
rhino-python,0.5.3,10,2,0,0.00
rhino-python,0.6.1,83,9,0,0.00
rhino-python,unknown,2,1,0,0.00
robin-language-php,0.9.0,4,4,0,0.00
ronomon-syntax,0.1.0,14,3,0,0.00
rsense,0.6.0,"1,866",47,0,0.00
rspec,0.1.9,317,6,0,0.00
rspec,0.3.0,247,37,0,0.00
rss-ticker,4.0.0,1,1,0,0.00
rst-preview,1.1.0,4,1,0,0.00
rst-preview-pandoc,0.1.7,"1,965",13,0,0.00
rubinius-terminal,0.0.1,15,1,0,0.00
ruby-block-converter,2.0.0,142,3,0,0.00
ruby-bundler,0.2.1,93,12,0,0.00
ruby-define-method,0.1.0,18,4,0,0.00
ruby-define-method,0.1.1,25,1,0,0.00
ruby-define-method,0.2.0,4,2,0,0.00
ruby-hash-rocket,1.1.2,4,2,0,0.00
ruby-quick-test,0.3.0,51,5,0,0.00
ruby-robot-theme,1.0.0,4,1,0,0.00
ruby-slim,0.2.0,30,30,0,0.00
ruby-strftime-reference,0.2.0,430,35,0,0.00
ruby-string-interpolation,0.1.8,"1,343",44,0,0.00
ruby-syntax-replacer,0.3.2,3,3,0,0.00
ruby-test,0.9.3,37,2,0,0.00
ruby-test,0.9.5,22,2,0,0.00
ruby-test,unknown,1,1,0,0.00
RubyMotion,0.6.2,26,7,0,0.00
RubyMotion,unknown,6,1,0,0.00
ruler,0.2.3,58,5,0,0.00
rulerz,0.2.6,77,1,0,0.00
run-command,0.1.1,313,22,0,0.00
run-command2,1.6.7,2,2,0,0.00
run-command2,1.8.0-0,47,27,0,0.00
run-file,0.9.0,317,15,0,0.00
runcoderun,0.4.0,190,10,0,0.00
runcoderun,0.5.1,375,19,0,0.00
salmon-on-ice-syntax,0.2.1,20,9,0,0.00
sass-autocompile,0.3.3,252,3,0,0.00
sass-autocompile,0.4.0,"1,555",21,0,0.00
sass-autocompile,0.6.1,"1,384",16,0,0.00
sass-autocompile,0.6.2,616,13,0,0.00
sass-autocompile,0.6.4,19,1,0,0.00
sassbeautify,0.2.0,"3,642",172,0,0.00
saturn-syntax,0.2.0,36,12,0,0.00
save-commands,0.6.1,629,19,0,0.00
save-session,0.11.0,101,1,0,0.00
save-session,0.11.2,5,2,0,0.00
save-session,0.11.3,"2,576",20,0,0.00
save-session,0.11.5,"12,523",89,0,0.00
save-session,0.12.0,785,5,0,0.00
save-session,0.12.3,"1,035",8,0,0.00
save-session,0.12.4,"3,984",26,0,0.00
save-session,0.12.5,"12,164",101,0,0.00
save-session,0.13.5,647,6,0,0.00
save-session,0.14.0,60,1,0,0.00
save-session,0.15.0,853,177,0,0.00
save-session,0.15.1,28,4,0,0.00
save-session,unknown,22,3,0,0.00
saveallthetime,0.1.1,193,5,0,0.00
scala-format,0.1.2,56,5,0,0.00
scala-format,0.1.7,18,18,0,0.00
scala-worksheet,0.3.4,35,9,0,0.00
scope_transporter,0.0.0,4,1,0,0.00
scope-inspector,0.2.1,"2,440",24,0,0.00
scope-inspector,1.0.1,356,1,0,0.00
scratch,0.3.0,22,3,0,0.00
scratchpad,unknown,9,2,0,0.00
Scratchpad,0.7.0,12,4,0,0.00
script,2.10.0,51,10,0,0.00
script,2.11.0,7,1,0,0.00
script,2.11.2,123,18,0,0.00
script,2.13.0,99,5,0,0.00
script,2.14.0,545,29,0,0.00
script,2.15.1,837,36,0,0.00
script,2.16.0,"2,108",131,0,0.00
script,2.18.0,"5,465",418,0,0.00
script,2.19.0,"6,641",491,0,0.00
script,2.20.0,"1,815",144,0,0.00
script,2.23.0,"1,078",92,0,0.00
script,2.3.0,7,6,0,0.00
script,2.7.0,14,5,0,0.00
script,2.8.0,159,14,0,0.00
script,unknown,251,76,0,0.00
script-runner,1.6.0,24,7,0,0.00
script-runner,1.7.1,6,1,0,0.00
script-runner,1.8.3,2,1,0,0.00
scroll-past-end,0.1.9,2,2,0,0.00
scroll-sync,0.1.1,"1,828",9,0,0.00
scrolly,0.4.2,77,2,0,0.00
ScssBundle,0.4.0,2,2,0,0.00
search,unknown,"2,697",94,0,0.00
Search,0.4.0,40,12,0,0.00
search-all-keybindings,0.1.1,11,4,0,0.00
secure-copy,0.2.1,3,1,0,0.00
seeing-is-believing,1.6.0,15,11,0,0.00
select-line,0.16.0,"1,547",104,0,0.00
select-scope,0.2.0,168,4,0,0.00
select-to-character,1.2.0,38,1,0,0.00
select-words,0.2.0,4,1,0,0.00
selection-count,1.5.0,402,8,0,0.00
selection-count,1.6.3,"8,769",56,0,0.00
semaphore,0.2.0,500,6,0,0.00
sepia-light-ui,0.5.0,108,19,0,0.00
set-syntax,0.1.0,301,7,0,0.00
set-syntax,0.3.0,86,3,0,0.00
set-syntax,unknown,8,1,0,0.00
seti-hiro-syntax,0.1.0,24,2,0,0.00
seti-monokai,0.3.1,"4,353",965,0,0.00
seti-monokai_md,0.3.1,2,1,0,0.00
seti-monokai-master,0.3.1,16,4,0,0.00
seti-syntax,0.1.6,2,1,0,0.00
seti-syntax,0.1.7,326,86,0,0.00
seti-syntax,0.2.0,4,1,0,0.00
seti-syntax,0.2.1,425,120,0,0.00
seti-syntax,0.3.1,122,39,0,0.00
seti-syntax,0.3.3,"1,978",587,0,0.00
seti-syntax-0.1.7,0.1.7,6,2,0,0.00
seti-syntax-custom,0.1.0,2,1,0,0.00
seti-syntax-master,0.1.7,6,3,0,0.00
seti-syntax-master,0.3.3,4,2,0,0.00
seti-ui,0.1.13,54,11,0,0.00
seti-ui,0.3.1,10,4,0,0.00
seti-ui,0.3.3,28,8,0,0.00
seti-ui,0.3.5,62,19,0,0.00
seti-ui,0.3.6,376,117,0,0.00
seti-ui,0.5.1,227,54,0,0.00
seti-ui,0.6.1,240,74,0,0.00
seti-ui,0.6.3,"5,382","1,573",0,0.00
seti-ui-0.3.6,0.3.6,16,1,0,0.00
seti-ui-master,0.3.6,6,3,0,0.00
seti-ui-red,0.13.0,155,41,0,0.00
settings-view,0.89.0,26,1,0,0.00
settings-view,0.97.0,14,2,0,0.00
sftp-deployment,1.0.0,15,1,0,0.00
sftp-deployment,unknown,"10,555",162,0,0.00
SFTP-deployment,1.0.0,297,98,0,0.00
shades-of-grey-syntax,0.1.0,18,6,0,0.00
shades-of-grey-syntax,0.3.0,2,1,0,0.00
shadow,0.1.0,34,17,0,0.00
shadow-syntax,0.1.0,42,4,0,0.00
shiny-ui,0.33.0,274,56,0,0.00
sholight,0.2.0,6,2,0,0.00
shortwords,0.11.0,1,1,0,0.00
show-ideographic-space,0.1.6,1,1,0,0.00
show-in-folder,0.1.0,717,43,0,0.00
show-in-system,0.3.0,5,1,0,0.00
Sidewalk-Chalk,0.3.0,2,1,0,0.00
silent-sync,1.2.1,1,1,0,0.00
singular-syntax,0.2.1,32,4,0,0.00
skies-a-blue,1.0.3,12,4,0,0.00
slack-atom,0.2.0,4,1,0,0.00
slack-chat,1.0.1,187,12,0,0.00
slash-closer,0.7.1,630,81,0,0.00
slatechalk-syntax,0.1.0,20,8,0,0.00
sloc,0.1.3,"1,279",33,0,0.00
smart-quotes-plus,1.2.0,5,2,0,0.00
smarter-delete-line,1.0.0,985,21,0,0.00
smooth-operator,1.0.0,10,2,0,0.00
smooth-operator-navy,1.0.0,4,1,0,0.00
smorgasbord-syntax,0.2.2,4,2,0,0.00
smorgasbord-ui,0.2.0,14,5,0,0.00
snow-light-syntax,0.2.0,18,5,0,0.00
soda-light-ui,0.1.0,2,1,0,0.00
soda-light-ui,0.2.0,149,42,0,0.00
soda-light-ui-mod,2.0.0,22,6,0,0.00
soft-wrap-indicator,0.2.2,36,2,0,0.00
soft-wrap-indicator,0.4.0,12,1,0,0.00
soft-wrap-indicator,0.5.1,14,10,0,0.00
soft-wrap-indicator,0.7.0,1,1,0,0.00
solarized-custom,0.0.0,8,1,0,0.00
solarized-dark-apparent-ui-successor,0.2.0,44,13,0,0.00
solarized-dark-ui,0.3.0,800,172,0,0.00
solarized-light-syntax-modified,0.6.2,34,9,0,0.00
solarized-light-ui,0.1.0,180,39,0,0.00
sort-lines,0.8.0,48,2,0,0.00
sort-machine,0.1.0,5,1,0,0.00
source-syntax,0.1.0,14,3,0,0.00
sourcegraph-atom,0.1.1,278,3,0,0.00
sourcegraph-atom,0.2.2,4,1,0,0.00
sourcerer,0.1.1,814,11,0,0.00
space-block-jumper,0.4.3,641,22,0,0.00
space-tab,0.1.0,"3,736",136,0,0.00
spacegray-atom-dark-ui,0.2.1,2,1,0,0.00
spacegray-atom-dark-ui,0.3.0,24,7,0,0.00
spacegray-chalk-syntax,1.2.0,22,9,0,0.00
spacegray-dark,0.8.0,16,1,0,0.00
spacegray-dark-syntax,0.2.0,845,201,0,0.00
spacegray-dark-ui,0.5.0,77,25,0,0.00
spacegray-dark-ui,0.6.0,56,19,0,0.00
spacegray-dark-ui,0.7.0,10,5,0,0.00
spacegray-dark-ui,0.8.0,"2,594",485,0,0.00
spacegray-dracula-ui,0.5.0,16,4,0,0.00
spacegray-eighties-ui,0.7.0,14,3,0,0.00
spacegray-eighties-ui,0.8.0,169,41,0,0.00
spacegray-light-syntax,0.1.0,106,28,0,0.00
spacegray-light-ui,0.1.0,145,31,0,0.00
spacegray-mocha-ui,0.2.0,24,6,0,0.00
spacegray-monokai-ui,0.3.0,118,23,0,0.00
spacegray-peacock-ui,0.2.0,28,7,0,0.00
spacegray-tomorrowdark-ui,0.3.0,160,11,0,0.00
spaceship-ui,0.1.0,156,18,0,0.00
spark-dfu-util,0.4.0,264,16,0,0.00
specials-board,0.6.1,74,28,0,0.00
spell-check,0.42.0,148,3,0,0.00
sprite-generator,unknown,5,1,0,0.00
Sprite-generator,0.1.0,2,2,0,0.00
starred-package-installer,0.1.0,31,4,0,0.00
status-stats,0.1.0,3,1,0,0.00
status-stats-jbrains,0.5.0,5,4,0,0.00
status-tab-spacing,0.3.1,15,1,0,0.00
status-wordcount,0.1.0,3,1,0,0.00
styleguide,0.26.0,26,1,0,0.00
Stylus,0.4.0,1,1,0,0.00
Stylus,0.6.0,1,1,0,0.00
stylus-autocompile,0.1.0,3,2,0,0.00
sublime-style-column-selection,unknown,741,42,0,0.00
Sublime-Style-Column-Selection,1.1.3,1,1,0,0.00
Sublime-Style-Column-Selection,1.2.3,136,133,0,0.00
sublime-tabs,0.4.7,33,2,0,0.00
sublime-tabs,0.4.8,"1,123",19,0,0.00
sublime-tabs,0.4.9,637,11,0,0.00
sublime-tabs,0.5.0,888,23,0,0.00
sublime-tabs,0.5.2,"4,847",72,0,0.00
sublime-tabs,0.5.3,"2,621",55,0,0.00
sublime-tabs,0.5.4,"4,607",46,0,0.00
sublime-tabs,0.5.6,"109,744","1,552",0,0.00
sublime-tabs,unknown,54,7,0,0.00
sublimeselect,unknown,808,19,0,0.00
SublimeSelect,0.4.2,2,2,0,0.00
subliminal,0.0.1,11,4,0,0.00
subtle,0.1.0,14,3,0,0.00
succulent,0.1.0,22,8,0,0.00
summerfruit-theme,1.6.0,40,7,0,0.00
supercollider,0.4.2,27,4,0,0.00
supercopair,0.9.34,7,1,0,0.00
support-gbk,1.1.0,"1,077",35,0,0.00
suranyami-light-syntax,0.8.0,20,4,0,0.00
suranyami-light-ui,0.5.0,34,7,0,0.00
svg-preview,0.4.0,1,1,0,0.00
svg-preview,unknown,5,1,0,0.00
swap-panes,0.1.0,8,2,0,0.00
swift-playground,0.2.0,34,13,0,0.00
switch-header-source,0.12.0,2,2,0,0.00
switch-header-source,0.15.0,1,1,0,0.00
switcheroo,0.5.0,1,1,0,0.00
symbol-gen,0.3.0,336,54,0,0.00
sync-settings,0.1.0,2,1,0,0.00
sync-settings,0.2.0,304,8,0,0.00
sync-settings,unknown,29,1,0,0.00
synced-sidebar,0.2.3,"1,264",45,0,0.00
syntax-settings,0.7.1,"5,986",246,0,0.00
tab-control,0.1.1,220,4,0,0.00
tab-history,0.4.0,"4,440",190,0,0.00
tab-move-key,0.1.0,8,3,0,0.00
tab-rename,1.2.0,38,2,0,0.00
tab-smart-sort,0.1.2,7,6,0,0.00
tab-switcher,0.2.0,21,7,0,0.00
table-edit,0.0.0,18,1,0,0.00
tabs-closer,0.10.0,3,2,0,0.00
tabs-to-spaces,0.10.0,45,6,0,0.00
tabs-to-spaces,0.3.4,5,2,0,0.00
tabs-to-spaces,0.4.0,446,11,0,0.00
tabs-to-spaces,0.4.2,512,27,0,0.00
tabs-to-spaces,0.5.1,3,3,0,0.00
tabs-to-spaces,0.7.0,336,5,0,0.00
tabs-to-spaces,0.7.1,266,19,0,0.00
tabs-to-spaces,0.8.0,"1,025",34,0,0.00
tabs-to-spaces,unknown,13,3,0,0.00
tabulation-control,0.5.0,364,11,0,0.00
tag,0.2.0,10,3,0,0.00
tag,0.2.3,"118,092",662,0,0.00
task-list,0.7.0,86,16,0,0.00
tasks,1.2.3,9,3,0,0.00
tasks,2.0.1,57,2,0,0.00
tasks,unknown,7,1,0,0.00
template-syntax,0.3.0,8,1,0,0.00
term,0.2.2,566,58,0,0.00
term2,0.9.4,41,2,0,0.00
term2,0.9.5,"1,036",324,0,0.00
term2,unknown,16,1,0,0.00
terminal,0.28.0,19,5,0,0.00
terminal-master,0.28.0,3,1,0,0.00
terminal-panel,1.10.0,247,115,0,0.00
terminal-panel,1.11.0,46,28,0,0.00
terminal-panel,1.13.2,2,2,0,0.00
terminal-panel,1.14.0,9,9,0,0.00
terminal-panel,1.14.1,8,6,0,0.00
terminal-panel,1.7.0,"1,128",17,0,0.00
terminal-panel,1.8.0,81,5,0,0.00
terminal-panel,1.9.2,23,14,0,0.00
terminal-runner,0.0.2,171,14,0,0.00
terminal-status,1.3.3,417,7,0,0.00
terminal-status,1.3.5,"1,570",62,0,0.00
terminal-status,1.6.7,156,45,0,0.00
terminal-status,unknown,12,1,0,0.00
terminal-syntax,0.1.0,8,3,0,0.00
tern,unknown,415,6,0,0.00
Tern,0.8.0,27,9,0,0.00
ternjs,0.5.0,41,4,0,0.00
tesla-atom,0.2.0,42,12,0,0.00
test-jumper,0.3.0,141,6,0,0.00
test-package,0.0.0,3,1,0,0.00
test-pkg,0.0.0,52,5,0,0.00
test-status,0.26.1,62,2,0,0.00
test-status,0.27.1,23,1,0,0.00
test-status,0.28.3,33,2,0,0.00
test-status,unknown,3,1,0,0.00
test-syntax,2.4.0,2,1,0,0.00
texlicious,0.4.1,255,2,0,0.00
text-to-string-for-javascript-converter,0.0.7,1,1,0,0.00
texter,0.0.1,2,1,0,0.00
textstats,0.1.0,6,2,0,0.00
theme-reel,1.0.0,24,1,0,0.00
theme-roulette,1.1.0,56,1,0,0.00
theme-toggler,0.3.3,46,5,0,0.00
themed-settings,1.0.1,12,4,0,0.00
ti-alloy-related,0.6.0,82,2,0,0.00
ti-build-atom,0.7.0,91,3,0,0.00
tidal,0.6.6,"1,920",11,0,0.00
tidy-markdown,0.2.2,"4,271",224,0,0.00
time-status,1.0.1,5,1,0,0.00
timekeeper,0.4.0,35,5,0,0.00
title-case,0.2.0,24,2,0,0.00
to-base64,0.3.0,8,2,0,0.00
to-the-hubs,0.21.0,14,1,0,0.00
todo-list,1.0.0,89,11,0,0.00
todo-list,unknown,1,1,0,0.00
todo-show,0.8.0,56,3,0,0.00
toggle-invisibles,0.1.0,1,1,0,0.00
toggle-tabs,0.1.8,207,39,0,0.00
toktok,0.1.1,4,1,0,0.00
tomorrow-night-blue-syntax,0.1.0,18,5,0,0.00
tomorrow-night-bright-syntax,0.1.0,94,21,0,0.00
tomorrow-night-eighties-syntax,0.1.0,2,1,0,0.00
tomorrow-night-eighties-syntax,0.3.0,2,1,0,0.00
tomorrow-night-syntax,0.1.0,6,2,0,0.00
tomorrow-night-syntax,0.1.1,22,5,0,0.00
tomorrow-syntax,0.2.0,10,4,0,0.00
toolbar,0.0.11,7,3,0,0.00
toolbar,0.0.12,1,1,0,0.00
toolbar,0.0.9,141,5,0,0.00
toolbar,unknown,3,1,0,0.00
toolbar-main,0.0.4,2,1,0,0.00
toolbar-main,0.0.5,5,3,0,0.00
toolbar-main,0.0.6,14,7,0,0.00
tortoise-svn,0.4.0,413,26,0,0.00
tortoise-svn,0.4.1,12,1,0,0.00
trailing-spaces,0.2.4,8,4,0,0.00
transform,0.3.0,24,2,0,0.00
travis-ci-status,0.11.0,8,5,0,0.00
travis-ci-status,0.11.1,5,4,0,0.00
travis-ci-status,0.11.2,127,3,0,0.00
travis-ci-status,0.13.0,304,90,0,0.00
travis-ci-status,0.14.1,52,25,0,0.00
travis-ci-status,0.7.0,6,1,0,0.00
travis-ci-status,unknown,3,1,0,0.00
tree-view,0.164.0,912,2,0,0.00
tree-view,0.172.0,381,2,0,0.00
tree-view-breadcrumb,0.2.1,2,2,0,0.00
tree-view-git-modified,0.0.0,20,2,0,0.00
tree-view-git-modified,0.5.0,3,3,0,0.00
tree-view-git-modified,0.5.3,13,3,0,0.00
tree-view-git-modified,0.5.5,29,1,0,0.00
tree-view-git-modified,0.5.6,1,1,0,0.00
tree-view-git-modified,0.5.7,46,2,0,0.00
tree-view-git-modified,0.5.8,2,2,0,0.00
tree-view-open-files,0.2.2,7,2,0,0.00
tree-view-open-files,0.2.3,209,38,0,0.00
trendy-dark-syntax,0.2.0,107,16,0,0.00
trendy-light-ui,0.28.1,111,18,0,0.00
tron-legacy,0.3.0,22,2,0,0.00
tron-legacy-theme,0.8.0,46,9,0,0.00
true-color,0.4.1,107,15,0,0.00
true-xcode-syntax,0.2.0,6,3,0,0.00
try,0.2.3,42,3,0,0.00
tualo-git-context,0.6.3,1,1,0,0.00
turbo-javascript,0.0.8,111,48,0,0.00
turnip-step,1.0.0,3,1,0,0.00
twilight-rave,0.4.0,10,2,0,0.00
twilight-textmate-syntax,0.1.19,100,12,0,0.00
typescript,0.3.0,1,1,0,0.00
typewriter,0.2.0,8,1,0,0.00
ulysses-syntax,0.3.0,14,4,0,0.00
underline-trailing-whitespace,1.0.1,11,4,0,0.00
unicorn-syntax,1.2.3,8,3,0,0.00
unicorn-ui,0.9.0,20,7,0,0.00
unitjs,0.2.0,9,5,0,0.00
unity-dark-syntax,0.1.4,76,23,0,0.00
unity-dark-ui,1.0.0,134,3,0,0.00
unity-dark-ui,1.1.0,"1,370",78,0,0.00
unity-ui,0.2.0,5,1,0,0.00
unity-ui,1.0.0,25,2,0,0.00
unity-ui,1.0.1,18,1,0,0.00
unity-ui,1.0.2,85,2,0,0.00
unity-ui,1.0.3,27,3,0,0.00
unity-ui,1.0.5,130,8,0,0.00
unity-ui,1.0.7,54,9,0,0.00
unity-ui,2.0.2,24,15,0,0.00
unity-ui,2.0.3,31,22,0,0.00
unity-ui,2.0.5,293,173,0,0.00
unity-ui,2.0.7,147,92,0,0.00
unity-ui,2.0.8,391,40,0,0.00
unity-ui,unknown,4,2,0,0.00
update-packages,0.1.0,921,24,0,0.00
url-encode,0.2.0,36,6,0,0.00
urlrequest,0.1.0,4,2,0,0.00
uuidgen,1.2.0,3,3,0,0.00
v1d4l0k4,0.0.0,2,1,0,0.00
vamosi-svg-preview,0.5.1,"1,080",8,0,0.00
vertical-align,0.6.1,5,5,0,0.00
vertical-align,0.7.0,2,2,0,0.00
vertical-align,0.8.0,19,15,0,0.00
vibrant-ink,0.4.0,66,6,0,0.00
view-tail-large-files,0.1.10,15,4,0,0.00
view-tail-large-files,0.1.13,14,7,0,0.00
view-tail-large-files,0.1.14,653,164,0,0.00
view-tail-large-files,0.1.4,14,3,0,0.00
view-tail-large-files,0.1.6,5,2,0,0.00
view-tail-large-files,unknown,38,5,0,0.00
vim-mode,0.10.0,266,2,0,0.00
vim-mode,0.10.1,144,17,0,0.00
vim-mode,0.11.1,17,3,0,0.00
vim-mode,0.12.0,116,3,0,0.00
vim-mode,0.14.0,"1,889",17,0,0.00
vim-mode,0.15.0,"1,886",22,0,0.00
vim-mode,0.17.0,154,7,0,0.00
vim-mode,0.19.0,120,10,0,0.00
vim-mode,0.19.1,93,7,0,0.00
vim-mode,0.20.3,29,6,0,0.00
vim-mode,0.20.4,31,2,0,0.00
vim-mode,0.21.0,147,16,0,0.00
vim-mode,0.22.0,255,7,0,0.00
vim-mode,0.23.0,33,3,0,0.00
vim-mode,0.24.0,3,1,0,0.00
vim-mode,0.25.0,33,9,0,0.00
vim-mode,0.26.0,69,6,0,0.00
vim-mode,0.27.0,3,1,0,0.00
vim-mode,0.29.0,47,2,0,0.00
vim-mode,0.30.0,2,1,0,0.00
vim-mode,0.32.0,30,10,0,0.00
vim-mode,0.33.0,23,13,0,0.00
vim-mode,0.34.0,50,29,0,0.00
vim-mode,0.35.0,3,2,0,0.00
vim-mode,0.36.0,692,26,0,0.00
vim-mode,0.40.0,388,6,0,0.00
vim-mode,0.42.0,10,6,0,0.00
vim-mode,0.43.0,205,7,0,0.00
vim-mode,0.44.0,560,19,0,0.00
vim-mode,0.45.0,169,18,0,0.00
vim-mode,0.46.0,"13,363",603,0,0.00
vim-mode,0.7.0,4,1,0,0.00
vim-mode,0.7.2,2,1,0,0.00
vim-mode,0.8.0,2,1,0,0.00
vim-mode,0.8.1,321,27,0,0.00
vim-mode,0.9.0,12,2,0,0.00
vim-mode,unknown,113,30,0,0.00
vim-surround,0.2.2,51,9,0,0.00
vim-surround,0.6.0,27,1,0,0.00
vim-surround,unknown,2,1,0,0.00
vink-syntax,0.1.1,6,3,0,0.00
virtualenv,0.6.2,"8,944",211,0,0.00
visual-bell,0.9.0,315,20,0,0.00
visual-bell,1.0.0,55,9,0,0.00
visual-studio-dark-syntax,0.1.0,58,13,0,0.00
VisualStudio,0.1.0,10,4,0,0.00
VisualStudio,0.1.3,14,3,0,0.00
VisualStudio3389,0.2.1,29,5,0,0.00
vivid-chalk-syntax,0.0.0,12,1,0,0.00
vnc,0.1.3,75,3,0,0.00
voicecode,0.8.0,93,5,0,0.00
voicecode,0.9.0,99,6,0,0.00
vue-syntax,0.0.0,12,1,0,0.00
w3c-validation,0.1.3,117,52,0,0.00
wakatime,3.0.2,115,5,0,0.00
wakatime,4.0.0,44,11,0,0.00
wakatime,4.0.1,177,22,0,0.00
wakatime,4.0.9,9,1,0,0.00
web-browser,0.2.3,42,7,0,0.00
web-browser,1.4.0,1,1,0,0.00
web-browser,1.4.4,58,3,0,0.00
web-browser,unknown,6,2,0,0.00
web-view,0.3.0,"7,537",280,0,0.00
webbox-color,0.5.4,"1,371",12,0,0.00
webbox-color,0.5.6,281,33,0,0.00
webview-pane,0.0.1,14,2,0,0.00
welcome,0.13.0,3,1,0,0.00
welcome,0.16.0,10,2,0,0.00
wercker-status,0.3.0,"2,163",35,0,0.00
wheel-zoom,0.6.0,105,10,0,0.00
white-cursor,0.4.1,16,2,0,0.00
white-cursor,0.6.0,28,1,0,0.00
white-cursor,unknown,2,1,0,0.00
windows-carriage-return-remover,0.1.0,1,1,0,0.00
winter-syntax,1.1.1,2,1,0,0.00
woah-there-mousewheel,0.2.0,3,2,0,0.00
wombat,1.0.4,4,2,0,0.00
wombat-fixed,3.1.0,88,17,0,0.00
word-count,0.1.0,4,4,0,0.00
word-jumper,0.2.0,"1,985",63,0,0.00
wordcount,0.12.2,857,3,0,0.00
wordcount,0.13.1,"8,387",35,0,0.00
wordcount,2.1.0,44,25,0,0.00
wordcount,2.2.0,6,5,0,0.00
wordcount,2.2.2,245,3,0,0.00
wordcount,unknown,46,3,0,0.00
wp-snippets,0.2.9,33,13,0,0.00
wrap,0.1.0,4,4,0,0.00
wrap-lines,0.2.0,215,10,0,0.00
wrap-selection-master,0.1.2,1,1,0,0.00
Writer,0.1.0,28,8,0,0.00
x-tools,0.1.4,38,3,0,0.00
xcode-low-key-syntax,0.3.1,66,8,0,0.00
xcode-syntax,0.1.0,118,36,0,0.00
xeta-syntax,0.5.0,136,38,0,0.00
xml-formatter,0.7.1,5,3,0,0.00
xml-formatter,0.7.2,3,1,0,0.00
xml-formatter,0.8.1,2,2,0,0.00
xml-formatter,0.9.0,2,1,0,0.00
yeti-syntax,0.1.2,64,14,0,0.00
yosemite-unity,0.3.13,104,2,0,0.00
yosemite-unity-ui,0.3.13,"4,347",231,0,0.00
yuno-commit,0.0.2,36,10,0,0.00
yusuke-syntax,0.0.0,6,3,0,0.00
Zen,0.10.0,1,1,0,0.00
zenburn,1.0.2,16,6,0,0.00
zenburn,2.0.1,4,1,0,0.00
zenburn,2.0.2,36,13,0,0.00
zenburn-theme,1.3.0,51,18,0,0.00
zentabs,0.5.0,18,2,0,0.00
zentabs,0.6.0,471,21,0,0.00
zentabs,0.6.1,12,5,0,0.00
zentabs,0.8.2,24,5,0,0.00
zentabs,0.8.4,76,6,0,0.00
zentabs,unknown,16,1,0,0.00
zotero-citations,0.2.0,1,1,0,0.00
